sequence,label
AAASAEAARLTERLAALP,1
AAASNGTVPEMEKAAAAA,1
AAEYRPFCSKRCADADLGQWLKGGYVIPGAAAEQAD,1
AAFVDARIAEVLASG,1
AAGAYWRGIMQIQTLDQLHDRIETMIDLIQRLKD,1
AAGHKCILGKQS,1
AAGTEDIFELQPEIHHVFRPNEKMPPVFFSQLFSLI,1
AAHTDYWEWQLHA,1
AAKQLPVGAVWDYH,1
AALERLEAIADKLEDPGLDL,1
AALVDNADLLRLAPLIGKGSVKDQEPSNTTETKKMF,1
AAQNQGGSVQQGAPT,1
AARGLLSKVDSELNVVDL,1
AARTAVHDPERPLLR,1
AARVSAHIGLHVG,1
AAVAVGVDALFFEVH,1
AAVDFFTSKFGEEMPIYEFRCTGCGSRFEKLCQLDESGEGLRCPSCGAASPKRVMS,1
ACGIRRMLRPVPVKGTPLPSPGGMWYECVLVRMGGQKRGVTMP,1
ACLETLHQAELKISQLQS,1
ACVAEGPLEDLLGHWAL,1
ADILTGMVVDVSDLLDQARKRGDFVMFEGA,1
ADKALAEMNGLSSR,1
ADNQGKKIEEISVDSRFAEDLGVDSLSTVEIMMEI,1
ADSKHFQPMNVNFGIIKELM,1
ADSLDLVELIMDLEEGFGVKISDEEAQSIGT,1
ADTQGARRYVAK,1
ADTYDAFKQAMEGRPGFVIA,1
AEADLDRARDALDALEEFLTDPG,1
AEAIRLLQELETKHAQHARPRFGKRSYLNPAGYGQDE,1
AEALALFGVPFLLREPRTTSSETMDDTTTTTHEHDKPLVEADERRFTQRLDTPVIALDIMRAARLWSVLHPHATVQTRQRLVEQFAAAVG,1
AECEAKIKEETTA,1
AEDHVVLLGDAVLFCEHTLLKSFPNLYVLENDAEILPTALP,1
AEEARKAVEALYARWEELEAKAAASSALDGNDWSF,1
AEELVEKAFEEIQDVAAMVKSKNIAIFPFAHLSG,1
AEENQRLSQAQDEAK,1
AEEPIPEWRKPMNYPLVMQSDMNDDLQ,1
AEGQIHTNQPCTSNN,1
AEGRIKILTDKGEEDFHQ,1
AEGRPVDIQAVTGNM,1
AEHGCSVLKETQRVVAHGILHLLGFGDKSQEEA,1
AELEARVQSWAQT,1
AELRSDYADLRNVSNSTMAGAITAALFIRHFVADT,1
AELSKERREMNKKISSFKLKEIAKMKSLHDSLSVT,1
AEMAASSLDEARPRLDKAETW,1
AENVFSLVVAFLI,1
AETEIADFIAQKIAELNKNTGKEVSEIRFTAREKM,1
AETTVERLVSGGMDVMS,1
AFADNELPEDYLLITADTI,1
AFKDVKEACHDDVEK,1
AFLERMTQKIIK,1
AFVVIQHLSPDHKSMMDNLLARHTAMPVLMAENGMQIKPNQVFLIPPGKNMTVAGSQFGLLAASMQLDKAAALQAFYYNAVVGLITNGVKL,1
AGELVEEMCKRLLTN,1
AGGETLSTGLQLAEQLRN,1
AGLGDVYDLRFFDQLRQIRAR,1
AGMRVLATGEEAPLAATALV,1
AGRPDYENAPW,1
AGRQLELMATGIVFY,1
AGSLAAATASGYLLTRGLPL,1
AHFSALEMPGYRVLSAGQRVTFVA,1
AHHLVFGYGHLTWE,1
AHMADERINQMRGYKATLNNPRVSNEAKEHAQSVL,1
AIFRSAQSQEYIWEV,1
AIGNAFHHGCVPWSCKETGLLLSPASHMLLTRIEQE,1
AIGSYCLFELGWGILTF,1
AIKDIESICKNLLANLVIEEYNINVEKIDNLKMTA,1
AILCLSDTGGGDVIVCDGFIGNVALKVSEGLVECI,1
AIPEKHMKLSAPPGRGSDNRSYDESSEGGSLLDA,1
AIQILASYPPSGKEKGYEAQ,1
AKKKVQVLVKAHVGE,1
AKKSMVERWKKP,1
AKMNEFEQSSLLGFIAV,1
AKSAMRLKRRYLRFK,1
AKSTINMKLLVYPLFTNVI,1
AKSVRLRIYGTE,1
ALDIDHIIVANANAAGDAFVSMSLSLAKPAGVSLD,1
ALELVITAMLRMMPP,1
ALEYGNRIASLLQEIKQKEEHDMKFEAALKRLEEIVGELEKGELSLDESLAKYEDGIKIY,1
ALLAGCAHDSPCVPVY,1
ALLLSVIPKEKGSVVEKS,1
ALNLAHEMLECRQQKAGA,1
ALPTDLERLQKHHSNILK,1
ALQKLNYKHPMAKTSSFKLE,1
ALQSGLDGIFEDLNLHSAPLGIFGKAVKDDTPLRD,1
ALRTERTNDAPSGRLVTPGL,1
ALSVKTIGDIVRYIENNQMD,1
ALSVLAARWGLEQDD,1
ALVKVAKMTDQEI,1
ALYFSAESEYMQKAHSASDL,1
AMELPILKTNAITTILAAVTL,1
AMENLLADLNESYNAKQGKAWG,1
AMLRRLDAAQVSDIAAGIDRAMPPAASVQENPDALMLRNYVEKLLNHPREATSVFIANEIKKEFAKVK,1
AMQRLEEIVQTMESEKLSLDTLITSYEEGVKLVKFCQGQLDSAEQRIRMVTCDLEGKVSLQPFD,1
ANLDDVESVESV,1
ANLLDQLLQEQAPSLQVQKMKIT,1
ANMPESGPSYEFHLTRQEI,1
ANSRKQEAEWKEKAIKELEEWYARQDEQLQ,1
ANTPILLHDHNEFL,1
APADVRIYREEVY,1
APAEMGIRRGELAVN,1
APEPELPEIPDVPGLR,1
APEREAEIFRRLTTTN,1
APTPEESITLQDLVKRVE,1
AQAKRQGAESTIAEAQDSCVVFGMPRAAI,1
AQHTMLNEENQKLRDERKQ,1
AQMLKTDALLYF,1
AQMSKEKSFEECMQD,1
AQQLRQYLAALNEYYSIMGRPRFGKRGDSFRKR,1
AQRMYRLDSKRSAVDLALRRLVGEP,1
AQTEATAMKQG,1
AQVQNSQVQNTASQQSNN,1
ARDLEMVAALKVA,1
ARDLKSIVYTEFNIE,1
ARHLISEVYCRVHQRINLDELSKSLNLTREEGEKW,1
ARLESLERVLDEHETQLSTLEGMFKTYFF,1
ARMMTAIDRAKLGEEVQGM,1
ARNRVESIVSRLRGMEHGM,1
ARQQAMMEGQQEGGHVS,1
ARSLHYRFYSWYFYSLPYLLWRTPFPTVVRYVSQPSRAANEL,1
ARVYMTDKKLVKELAI,1
ASAGQIQNFHQLLLDDFDLICAVCQRNHL,1
ASAIKGLLARLMTNKEFV,1
ASDFIAAAGKFSSKIRISRVAGDPEEDAANAKSIISLLSLGLAQGEEVEVFADGADEKQAVDDLVAL,1
ASNAFETSENAVLTFLFIYD,1
ASQAHQASHQPLYLNHPIIGQLASIMYFLIILVMMP,1
ASQSPRRKELLAELVPTFS,1
ASVSFDNEFVVK,1
ATAGMPMPEMKTHTAARDFP,1
ATDLKACTSQNVMGS,1
ATFLTRSTITSSRTIEWET,1
ATTLKDKIEALDGKTWNVIVGHNFAANVKHIAEKFV,1
AVDNNRETGDQHMTADMFDLIAVTLTDETALDWMAD,1
AVEALDLKDSN,1
AVEIPFTPRVLELSLEEARVLENLGADPSNIRFQPVK,1
AVIHFSGLGKPWLETG,1
AVKLLELSLIDDHFLRYR,1
AVLAATHRGPAANTTDPL,1
AVLSAASFDGRISVYS,1
AVLVVVALAALLTQGQELK,1
AVMAALQLAHELLGAQSPAAGTPKAEMLGKIRKMREDLDAELARQESLFMKI,1
AVVYVPGYEPAIPRSTLDDLGLDRAELATTLVVVNPSP,1
AWSMSFGGQTPTIVV,1
AWSTNMKTERYYTVGYVP,1
AYDTLADAGSRAQYD,1
AYERGMLLSRICQQKLDDAQLQV,1
AYIPMKGKVKLWNVRRGWGF,1
AYLEFILDGLSQKYTDKCRFEIITPKE,1
AYVEDILAAAQFQPWLNQL,1
CAAHRHSQSWFMSESLSRRSVITGRLADEMIHISSAVVSV,1
CAAMRNLTPEGI,1
CAFPLKVMGAVHPEFEQAVLDTVRLHAPDTQAHHI,1
CAQIDPEVFFPETGQHTTHR,1
CCHKNYSTFSSEWYMNERKYDDIAEGPSPKKSVVHR,1
CDAHACEDPLITPVPTSE,1
CDFPAILRLITNNDA,1
CDNVDQAKEELKSMCDKLLANPVTESYEIVSLEEIKMRLHYEGILQERLDELGEMPLPPYIKE,1
CEAINNEEIMSQTTIYEDIG,1
CGKIIDIEFNHDNAEKAK,1
CHCSGNTALDYAQVYCLGS,1
CHTYIKAIDLRHTES,1
CKRLAKEKIAYI,1
CKSRLDHANQRMTKL,1
CLMCNHTKRFLIKRKQMP,1
CLMIKNLVITNFEEESYSSV,1
CMIAHHFGTDEIPRQCVTPGDYVLHEGRTYIASAN,1
CPFTLPSVRQAWINGWREGRGDNWDGMTGTAGIHR,1
CPVDIEEITMEKHLV,1
CQSQVVTRDFDDRTC,1
CRETVSNFLNDTPHLAGVYSVNLIYHHCERASELDRN,1
CREYLNQTTGEMPPPTQLSIKTSSVL,1
CSQLAQPTLRLPR,1
CSRERCLKALYLLGLKEMQSIFEDGNSISLN,1
CSSAAGEALLQLPLT,1
CVHCLSTFLIVTVGN,1
CVKYLKPRIFYKFGAFLTVN,1
CVWNRTFPEKPNYKL,1
CVYKALQMLGKDDVQ,1
CYEKEEIDKLFDKVKDI,1
CYHGHSSQNVAAFLAGEA,1
DAQEVITEAISAAASRMAEL,1
DCVVQVFPNEYHLPTLETLL,1
DDGRTKPYPKDESQQFPK,1
DDLSKKDVDVEQGLEKFREGVDLIKFCRSQLQKAENEFIQLKQQLEQEYEQQDEPEPPQKEGMQKMIKHDNLLHDIHQLNLAYLLLVQRRK,1
DDMFEYRHVILPK,1
DDTQAALIALVSQAAKPT,1
DECANAAAQCSITLC,1
DEEKTNMEEMTEMQGGKY,1
DEEMPKLETVQDVVNYIEEN,1
DEGSHTLGNIIKE,1
DEKLLLPLFKRKKASMKTISIRDDVYRKLLEMKD,1
DEKNLALSIKYNKEGDSM,1
DELAALPLGLW,1
DELKAMFEALRNKTYLIKSRSVIEVFTKKNGMPFERY,1
DERVLVTTLTKKMSEDLTTY,1
DETLTMLKALTDAKGVPGNEREARDVMMMKRLLGL,1
DEVRGRKLRRQ,1
DEYGRLHQVATVDSQ,1
DFDMTLTRFAYNGKRCPTSHNILDNSKLISEECKA,1
DFEQLRKPHCVRPSA,1
DFKKIAYTKAELVDKQKNT,1
DGFFPTEPTSESVSV,1
DGILLSVHDSKTGYRAPEVYCCGEKPWEVYACNRG,1
DGKQVVQEIKIEDSLLAKNDKKLLQKSI,1
DGLIFVEKDGVVEGD,1
DGNLRGEREMNLYNFFQPQTPKQRHA,1
DGTTRRNPVVAMAILAAEII,1
DGVNNGTRLASPPQDDRHIPNRWSELGKE,1
DHIEFDGVVIEVLTGGMFRVKIDDDHSVIAHLAGK,1
DHLDLGEGVVVRVVAA,1
DIMFGAYQKTFSMGPEVRDTKVCKAQFFSNPHGIG,1
DISEMFEKKSGNEVKDFELKKQISCSLQLSNKSD,1
DKGFDKATFEKQMSVMRGQILNLTQALKDGKTPIQL,1
DKGHTSPPDDTDQRMVPENS,1
DKHLVDLEMKLQMV,1
DKLKIKYGAQDVSAHDGGAY,1
DKLLVKCDLLTISPGLLQ,1
DKMLSKSIIRFTIDDSEIIDGQGVQQRPENRIH,1
DKNTDEVQKQVAQ,1
DKSLLRAPSELTLAL,1
DLASTLDNYAT,1
DLDKSKITLESK,1
DLDPQFVKEIERRCRLFDQII,1
DLEKEVPLSSLEGEEELEVM,1
DLEYIDINEGDAA,1
DLFFPASEQDATPAL,1
DLFLLSSRYADL,1
DLGLEVGDLVYFN,1
DLGSGGLVDLTSY,1
DLIMWGAPFARLEARFVSDSRDLSVATVI,1
DLLEDINASEQTSGLLFEKKVMIKNGGETV,1
DLMLMHNPPHPGEIIKELCLEPLGISITEAAAALGVSRKTLSAILNGHAGISPEMAIRLDSPLPLTPRQRAGMNLDQPSTENMKYILDTLAEEL,1
DLNKADVYVSALKD,1
DLREGDTVTFTIEENERNGEKKTSAVNVERVMSSQQ,1
DLRQRFFIEDSPV,1
DLSELEATGQLDQVLSGMSTLHTLNKA,1
DLSFVLIDPYSIIQDY,1
DLVASLESMDIHFIQTSLNQDNALELCLKYKNDDDL,1
DMAGSALKTATDT,1
DMGDDTACMNCEGEMSDDEG,1
DMPVTMGGMFTGTVELKS,1
DMQPEQIIRRPIILTEKS,1
DMSSTITTEKLFEAVTALLE,1
DNLPAGEEDMM,1
DNTDAEGRLILADALCYILLESQKHHDILQ,1
DNVAQTEHGFTLSKTPLI,1
DPDESIVTVQNVV,1
DPGAGSPEYKRKEFSKKHNKCPPKMTVA,1
DPMFPERDKSAAVKKDMA,1
DPPAPPVDMEPEQMLEGQTQVAENPHSEY,1
DPSKVTPSSRFTEDLG,1
DPVLYLAEKFTPNS,1
DRKNNPEPWNRLSPNDQYKFLAVSTDYKK,1
DRLEEITRNLESGELSLDESLAAYEEGIKLRDL,1
DRRLKSAAQGMGRNALG,1
DRSESTETLPK,1
DSAEQMIEEIKVDDQKEK,1
DSVQVIESIDMVMQQ,1
DTKAMKKEKKIDGGT,1
DTLPRRRIPDQNM,1
DTNKKAILTAINIANDYVKLQEQYDALVESQGDG,1
DTYGLPLEVAFDHCK,1
DVADKKFQPTVFRNGYSQ,1
DVELFMEENTIANGCENCLYTA,1
DVPRLMELNKEKE,1
DVQTVELLKPRMPGP,1
DVVDIAGFGYPSSDDKKQSIHYYEHITSSGHNVSHE,1
DWIQTRCRSQNRR,1
DWREVGRGVEEAAWGAWERVR,1
DYDEGEDDRPKVGLGARMTYVVTENCIKCKYMDCVE,1
DYDPIRVSEKGMLLEQSQSP,1
DYGKMEKPTSSTNG,1
DYKLAIKIDELYK,1
DYLEEAVPTMQLGPH,1
EADVRKLVEEAAEHGFASVCI,1
EAIRTDAEGRAAGTAP,1
EAITNRLEIYNQK,1
EAIVKSLSPVIYAKDMPRGTVKWYNPSRG,1
EAKQFQSEISVAS,1
EALAAVVDRKMREVGERIS,1
EALHHMGYNNVSDVRMGKFM,1
EALKKRLDELEKKVENTN,1
EALTLAVINTLGASEKSVSV,1
EALTNLEQIVKEL,1
EAMASSGVTVSAAGS,1
EAPCNHDQIADYGSYCVVAMNEKGFTLVE,1
EAPMSFEEAMERLEEIVRLLESGELPLDETVRLYE,1
EASLLGMTSNVN,1
EATLIRILEEVAGV,1
EAVEVAVAALAEGKGRVVEEAADLLY,1
EAYETALERGYRFLS,1
EDAAVETQLSLEEKLSSLNQ,1
EDAEAAVNEIVALVERGFEESMQDVGIIADG,1
EDDGQRSSTEQSGEAQGEAAKSESMMRKLAVLVLAVAM,1
EDDMMEIARNVLGFLAEDVK,1
EDEGHLLRNYVYAGNIMIE,1
EDKREEYKDVLLQLKKMLGGTTPHSE,1
EDLESVKRNILKEVQNIMKAIVFVLIFAVAFAVTLR,1
EDMSFDSLDVAEIVMTLEDEFKISIEMSSD,1
EDQPPYGEGFYII,1
EDRVIFTLKHILAKK,1
EEAIAAGVPVSLATV,1
EEENKKDDEEMDIDTVKKLP,1
EEFKDIVHPICPELRNDITKVVQEKYFALDQEQE,1
EEITQQLFNFEDKGGRKV,1
EELGLDSMDTIELVFQLE,1
EELIEKVKEIIAETLSVDEADITIDSS,1
EELKVNVEELRPEARIAE,1
EELSDQLAEQWKVVEQT,1
EEMRRLGSLILECADATRVEAGGA,1
EENAKLKETVESLEL,1
EENVIFVGKKPTMNY,1
EEPYVIRPTSETIIYSMYAKWVQMNELNK,1
EERPRNMSGRFQ,1
EERVPEISGVAYIFNQSFFKEMYAKTGVDLENIVY,1
EETMQVISFKLP,1
EEVTPLIEDIGTLHLDIIAEKEGYKRGVP,1
EFVINVEDAFSISIPDEDVETLMTIGDLIDYLQK,1
EGDMDVLALNIQLPDA,1
EGEAAEAYVRRLAQD,1
EGFTWSGCGGNSNRFKTIEECRRTCIRKMSEEYLQSDLARAIETHSIESVENLNKSETVFYICD,1
EGGKRAAFQVKVGDKV,1
EGIGTVSQAVDVVVAKLEAM,1
EGKRWVNLRVTTRALKTI,1
EGLESQIEVASR,1
EGLTEEPFPVEIEGRWAEQVDIVHAPSAISMDED,1
EGLVTEGHPSGMFRVQLDNGARVLG,1
EGPRSRIHLISRRGNFLKKGGEVKLWMTV,1
EGRVVDETRNMLIVEAGGNPKMIPKEGSRFRFDVQGGTEVEGDEIRYR,1
EGYRTATRAAAAGGVTTIVDMPLMNEDLGIYDDEMKRYLRYDEELVIPIIENTPFEKDLAESMYAAMMKYPGCTAVLVRRHGVYV,1
EGYVPQDEMATYESIG,1
EHFIENRRHCTFRNLLMLRPGKTYVVVSFLTILELM,1
EHGIWGGTSSKQRAVMRRQRQEIAA,1
EIELNDVEYKVMSMENILAIIERAPLVV,1
EIEPETVQLDSNLYSDLDVDSIDAVDLVVKIKELTG,1
EIESKARQALQTVQDEAALETWRVAH,1
EIKARRGFVIAQDED,1
EINKTLKQFKVMNYE,1
EIPRIMQQYGVKTLIHGHTHRPAIHKLQLG,1
EIVEKLQNGEVELEKAYSLFEEGIKLTQECEKKLTA,1
EIVMTCEERFDLEIP,1
EIVWKHFPHLDAHQR,1
EIYKWHTVEKIARNVAEA,1
EKALADELEAS,1
EKEADLLIKLVYRSFELEPEGPLLQWHSQVVSRFGKG,1
EKELRAQIIAEAEEF,1
EKHFLDSALILKFCSPPKGA,1
EKIIEIIKEELGSELDPDITITPDLDLAAD,1
EKILRAYANNPDIEICQTEQPEKLLVLAEAEDTQRIRDYMDEFAA,1
EKIRLWRRYQSLK,1
EKKAFALEPFVAFILMNQALLANHNTLLDLLEISQ,1
EKKMSQTFTKSQVAEHKD,1
EKLISYCVSNMP,1
EKLKNPCPEKNENCQ,1
EKLKSPVADLNNAPGRKAHP,1
EKLLAEKPESKEMRLN,1
EKLQRWGIAYDTIARILDRLESEKFID,1
EKMREIKSSSSVLGLDRIAVMAALNIANDLLTRGQ,1
EKNLPSVSDLSYEDALAELQ,1
EKQLKLSKTKVKMLSDCLLIIVIALCTALAGEGLTYLL,1
EKVQKWLSCGAQPTQTVKKILKKNFVFQKDNQIKKP,1
ELANMRTTLQIDDDV,1
ELDVWFRKQDRNEPTKEVLNAAEEEEMHEESEPVETHTDLHITSLVVHVLPQALA,1
ELFCKNCHGRK,1
ELHVRTPARENCLPVTGGIHMLGSMASPGQAQS,1
ELIAKLEHDLSTIQTLSTVHRPDAEENRMMQHTVHALQSELDNLRADNIKLYEKIKFLQSYPGRVSVCPSVMLMEYGQKSGHPCEFLTVAQQGP,1
ELLDICKRKLTATDE,1
ELPNGEYCYIPRRRCVTT,1
ELPQLIDLRVPYLDPSFEAL,1
ELREENTRLKQERDE,1
ELREEVNEVEEEVKENKSSDVKENEDNK,1
ELRRAAVLLDLCRG,1
ELRTLVGERYRDLILAADTI,1
ELSNDLGINSIE,1
ELTVEGEATEEHLAA,1
ELVTDVPMCAVNMQSEKFDEIDEFARKG,1
ELYCLILTRGVI,1
EMISRYPAIAADIAK,1
EMLTKKLIESNAIVFDEKSKNLKIIHN,1
EMMLDAAYGTEM,1
EMNSKLAEDLGADSLDAIDIVMTIEDQYAIEVPDENIENMKT,1
EMPADVYINHIRQMLSLNTCLGI,1
EMPKDMENYAIHCAQDGFLK,1
EMPMSIPTVKAKLLQGRKGL,1
EMPSEAKEKNKQIRYLQYKGFSMDMIFEALSMPITSELNNYCQKLYEEFLDLDINVNVDLRNERINKKIREAQIQKTKFIIVIGKQEVENNLL,1
ENAKLELSVLDKTSQKSD,1
ENALEGGHSMKKM,1
ENIEWQVDELDKVTGVVEND,1
ENRSAPARMLVAL,1
ENVTRHELTGLPMHI,1
ENYDEHISNFHSKLQKENQD,1
EPFELESEQAVEEAY,1
EQAWEIAKQRYAAVGVDVEE,1
EQEERKALREAYLKDFREGFRDRMAQTKYVDKEGH,1
EQFDESAAEKADAAM,1
EQFDQAASNVRNLKSLPSDN,1
EQIEARSNAMKR,1
EQLALAEVKVEQVINAQGDT,1
EQLDQLITDCL,1
EQLKKLGIFENVQAIIVE,1
EQPRRHYAEKRI,1
EQRIDRLIAVYT,1
EQRNALPNGIICLKGGNLASELSPFKNKAEVFSLS,1
EQSGFRAKSDLRNEKIGFKIREHTLLKVPYLLVIGDREVESQA,1
EQTLVNALTQAREHLAKSLLMMDLEPGTMDSVRS,1
ERELAEAQDDSILKMTEQQW,1
ERFAIDIFTVVNNYTKKVHAIFNVLENEDGETNVK,1
ERFMQSTIARSRPDL,1
ERFVASAPAEKVQAEKDKLEKYTNDLKKYEEELKWM,1
ERLASVTAMCLLVIKSVMLSIVISLRRL,1
ESAKIAYLNTKNTPP,1
ESDLTEDLSFDSIMI,1
ESESISISDLIENYKEGLML,1
ESFTAAADDAIDRAE,1
ESKDSEDSHKE,1
ESLVKIAEFLESIIEEHT,1
ESLVTARGSRPGLRA,1
ESPSSSPSSPARKSGREWDVEQVVI,1
ESRCPEGQAGLSFLSGSLNIMKIRNSLKSAKVR,1
ESSSDDEKTADEMAERVWVVSVSSSRRHTIYPSPMRGLTIIECLDEGC,1
ETAIEQIKELMIKIELIKM,1
ETEKYASRGELRSIILAL,1
ETERTEKGLSALNASPVGMLFCVLPTPKESAVKGIVFT,1
ETGDEAARLAGNAPF,1
ETKCIYKGDSFHE,1
ETKIDFNPKLNVFLGRNA,1
ETLLDEPEAFMSIQYTGSVK,1
ETMAPDVDAQVLINK,1
ETSAAPVETLVLTEPPAETQAEDSVSSVLAGLTAAI,1
EVDDLNLIQTLMAQRTLAVRGDASLCQLLFGHPVDAVI,1
EVLKGVEGVSEVEIETVHRMSY,1
EVMAQRGHDTIR,1
EVPFEERTNNGIETANINFI,1
EVSLLLKFCRSCNI,1
EVSTWFYVREITG,1
EVTVSKNNETVSGSSIMGLLMLAASKGTSIHISM,1
EVWSEDAWDVY,1
EWNRDLQLKRVQLKQEDGSLCLVQFPSCKSVMLYAA,1
EYGFASVCINPYWVK,1
EYIIKLGDIKIFRSLDPGIQEDNLKNMQITLIF,1
EYLLPPHLHEEHR,1
FAGAKQFNPKSVLS,1
FALQEHKVLTNPGARASIVEKKEFVELEDYELLKAF,1
FAPMSAAKQCFRNLWRASNSVFEGD,1
FCRRRLDEAEARIRVLVAGPDGAEEVDAPHLEPDL,1
FDIVSSRKTIAIDICSKC,1
FDLVLMFKILLIQTLTNLSDERTEMTVIRKAPFFDI,1
FDPRRMNAVDKEESTAV,1
FDPSLLQELDWSSN,1
FDRVLVERLMAETVT,1
FDSLENLGNYLNTLRENDTEYLRLGHI,1
FEVENNPNRPEDGTRTVT,1
FFDVSQQDTAGFAYVHVADDPAVAEA,1
FFFSTILWIYKFD,1
FFTHMPADTGMAFVLVTHMDPNQKGMPVNHFSKLPP,1
FGFISQADGTEIFFHRSKVVGSFDTLSEG,1
FGGADGAASDLIM,1
FHYIDNFKKLFILMFSWGLTFLTIDNSLTNWLMIVLLF,1
FIGTAFHDVLRKTPSEAVLL,1
FIILFYMPQFDTMTFFN,1
FKDVFSMQGGYEMWIDSDVMHKGPHQPLQPELPLA,1
FKLEEEIIDAEYTLT,1
FKNRINVTINNKNYTIVGEDNPE,1
FKVVPDAGHSANEV,1
FKWSGIQIKEAYIVS,1
FLDCEDDKLWRWLMGYEVCQDASFAALIVT,1
FLFSELVQYNQTRVDN,1
FLGFLSVTMDYWS,1
FLIKLLTDLTELTQKK,1
FLKGKNWKTELTEAQSYWTF,1
FLLMDIYWKYETRP,1
FLPDDSPVHTWI,1
FLSAPPDVLDRV,1
FLSNMNINKESIHGFLKQCERVLRISKKPDNEEYLTVAK,1
FLVIKRKYYEA,1
FMLFLLVLHLHF,1
FMLYNINKRLYLFEKGRE,1
FMWWSKYNHDKKRS,1
FNPVEVFLAGFLPPM,1
FNTHDEKNLAEVGDFVKIAE,1
FPKSLLINKRLPAVGVTPHVKNGGWGDIRDHELCKSYRRLQPSLTRWALWLKNDKSKMWQANLRLV,1
FQNLVYPLDERLTLSGLG,1
FRPDHLGTQPRKS,1
FRPEPWMDDALCR,1
FRYKCEGRSAGSIPGERSTDSNRTYP,1
FRYVFFEIIHFMREYW,1
FSGSSDTTLNNKSYTMHNLKSVRDVFI,1
FSNSVGWCFMEQSVWKHEKS,1
FSPAAGETDTVTDTITDGKGNTPSP,1
FSVRESLMSMSHIYTVVRC,1
FTAAEEEDGSNIEGVSKNAAREIAEVARKVEAKRVALYPYAHLSSS,1
FTFCCQAELVIFQMRIAMHRRVEWMTPTDDAILSL,1
FTLSYNFTLLFPLG,1
FTTDPQTQAKCSE,1
FTTITNVDFDPERL,1
FVAAEAVHALGISVL,1
FVDKDHPLHSFFFPREWAI,1
FVDNGYDDLEVCKQIGDPDLDAIG,1
FVEVLAKDGLNSGSVHDVQRYIN,1
FVGIKKQTWMLAGFNE,1
FVHDRMDPNLHQATAQFPSEHASGAIAAVMAPGYAI,1
FVKKIKGSYTNVVGLSLYDV,1
FVWHTCFHDRNMA,1
FYTTGDIIGDIRQAHCNVSGNWEQLSTPHNDGELLGG,1
FYVGFIVLALVAGLVLENAPLALVSIGGQYA,1
GADSLEVMELVMDLEDKFEITIEDDQ,1
GAEISRRLNVETRVTVLGHLQRGGGPIPFDRFLA,1
GAILVESISGSYS,1
GAMFRGANAISLD,1
GANVADYAQAPADAW,1
GARMTYVVTENCIKCKYMDCVEVCPVDCFYEGENMLVI,1
GCEVWAQFEPNREC,1
GCLGTCFNYTKTNNNMVKEH,1
GCLIFQSSYMLTLVILFLNFLVQFIIITIHIGQFFFMEDC,1
GCRSVPGDANAPF,1
GDAAPEAAAEEERAARRAML,1
GDDGSEVFVHYSG,1
GDFLDLRFEDIGYDSLALME,1
GDGWSAKKDGATIVISP,1
GDHEGMTVTNLPNDETA,1
GDVLSPLESLSSIPG,1
GEDEMNIQQEISD,1
GEEGNKNFRHATGQI,1
GEKCAEYVEKEIN,1
GEKFKPIGRSGPDRTKALVL,1
GEVWAQDEATSV,1
GFQVIFFSCSVYSFRFSFIVSNN,1
GFVKTSTGFHP,1
GGDLGEFGPGQMQRAFEDATYALKIG,1
GGGEMFNDNLLCDLNLRYLS,1
GGPATLLEVLHKLPEKLRRY,1
GGQDVINQNDM,1
GGQREHRMDVLI,1
GGRIISRKSSVEKPDLRELSKAAEKLNLHPEVEAD,1
GGWLRNFAVAAYKPYFDVDTSDVLERII,1
GHAACFASSKHGIVYLVTKHGFVHLYDMESGSRIYS,1
GHFLMSSVIVYTGI,1
GHKIMSEHHEDELAP,1
GHMKAFDRHCNVVGWLWRTGELMPHLKEGVPTQVQI,1
GIELSRYCAAKLDEAEKK,1
GILKDHPDWVNSPCNEKSPLQ,1
GITDLIEKHVRK,1
GKDYLISCPPEAESGLRDAAYQLDRKMREIKNSGNLFSTEKIAIVAALNLT,1
GKFIQKEFNLSDTVTVFFGKNESGKTTIFDALRLAIGSKFLTANQEPKKVFFHVTV,1
GKISLQETESMLVLSRKRGQSLRINGDIQVTVLDIM,1
GKPLNEFAFEG,1
GKPPSYSKLGHEPDDHADDDYVAEQRRAQQVERQ,1
GKVVSLLHNLRFFFRSNIYIFNINKDILIMLKG,1
GKVYDLTPYVPNHPGPAGMMLVWCGQESTEAWETKSY,1
GKWAGDNVTIDG,1
GLAQLGRAPAPGGVPDPEPPPAQPSQDAAQL,1
GLEEGVGRYQAGVELLKELHESLAKAEAKVEEMTAILQEGIADLEDEAGDGHENEMPKAEQTVVLTNRM,1
GLGLLLLALLLPTQIYSSETTTGTSSNSSQSTSNSGLAPNPTNA,1
GLGLLVSISRTHGSDLVRSL,1
GLHGRSLDDPESM,1
GLIGFFQFDLVAAIF,1
GLMDAVSFGSIDVTEEDG,1
GLPLLLATPRTQG,1
GLPQGGDAYQLQESLKQENEQHSSTTSFTTQLEDAN,1
GLSGLVVNESKNAFV,1
GMHKEEIILLHLTLYNIKKLFENAGIANGHFKAYD,1
GMIAAPPAQQQIMGERWRLGQKQQTQAPPGMLTPPP,1
GMLLPISFYIDHHVNLQFPFESGKQIYSSLYLVTMTD,1
GMSFLPTLNQSSQAL,1
GMSHVMDEPSRTDSKNEAEKD,1
GNDALGDVKLATYEDNPWETFKDLTPKVQVYSRFPASAGTKNVLNCFAAGFHPPKISITLMKDGVPMEGAQYSDMSFNDDWSFQRLVYADFTPS,1
GNDRYRLSLVVAK,1
GNIWNQEPERRRK,1
GNLMMTEDQKFKYLTKIEELEAGCFSDWTKEDI,1
GNRIAALIDHVNFKY,1
GNSVINVGGAFMIRPLTLSKSVFGSGGLNTGIVFE,1
GNTALDEKALSMPYCLKTPAAPAIAMSEL,1
GPFVVNRHTRVGRQVVLQDE,1
GPLEDLTRFMANEYC,1
GQECKGMVVLGSSA,1
GQELADESASPMS,1
GQPDFAHLVIDYVPGDWLVESKALKLYLASMNLRFLH,1
GQSHDFRESFDVAAARAVAELKILGIMGEEKEDPQKLKRLA,1
GRDRIVEMLRGLGEDETMSIVAEHGEVEVNCEFCGRTYRFDPVDARALFAAAPHAPVRSKHMPIAVPPGINGVVPQISLAYNSQGGNGLAGYGWNI,1
GREIYAEKLKQYYPVETYGA,1
GRGMSLEKDIEH,1
GRLTITIAKEQKYEALQERF,1
GRLVSVNGDLPADEVTKQVFEVIEN,1
GRMAAPRSSAKSAALFAI,1
GRREVTRMGQAPCPPVGPELGSAQEKFSSFRKLKVRKSYYDYQ,1
GRRQGKVTVKYDRKELRKRLNLEEWILEQ,1
GSAIAQGARGMVQFV,1
GSGKVVTVKSHQ,1
GSIEVQILEIAANRV,1
GTAASEPTPMTKMASEWVEDNSRKAKKILEIYTIV,1
GTAGMAPTLSINFNS,1
GTDTNVGKTVASRAIIQALQNQGIQIVGYKP,1
GTKVSQVEILQHVIDYIF,1
GTRNTMLNIIYDTSSRNM,1
GVEPEEVTEDTTM,1
GVETIEEIRVDANPDERMKM,1
GVNADQAAGINIV,1
GVNISNNNLTDD,1
GVNLVDYPAFVDLCEKYEKI,1
GVRLCIDCQSERDRRPVFTGINRRGSKDSQLRMRA,1
GVRYEGDELVFVDADIDVVR,1
GWLQVDGSQWKTRLGMDQQ,1
GWRYSVMLILSRKNGQKIIINDEIEITILESKMDN,1
GYGFVLNDEGEDVFV,1
GYSLYHAVKEVKASGKRFVSAD,1
GYYRPETGSNEIDA,1
HADCELDTRGLRCPEPVMML,1
HASKLASLLGKVTAMPVIEITKTTRPQ,1
HCGSNALRALPAVSWWETGRMTIAKTKKKEGEEPF,1
HDNEFCLGPTHEEMITTLVK,1
HESRGEKIRRERAAREL,1
HFGCGKQCPTAGPEGRVTCCLTPRCNMVSQLFEEKAKAVNELPTKPST,1
HGIIAPMESEMAWLGACL,1
HGPVGPRSTPMEHSHWFRKMSSLHQEFVCFLFW,1
HKRTFFFLEQLLL,1
HLIWDFKVNLTQDDQFRQASKLFCKDEMVVNPNLAQ,1
HLKKDAVVTETY,1
HLTGMSETESQPYKE,1
HNEMRGLAAKQFTKP,1
HNVKLNRVLYMASPKKAEGNENSSEAIIQITDM,1
HPADGVILFSRM,1
HPTEVISDKISAAMLYVPQLLLHVSRPVRWDSDHVG,1
HQAPVDLSLVVLG,1
HQEDCYLAAEDKEIEAMEEE,1
HQIALMGASEGKEVGQWFGP,1
HQKNVFNQSRLKVGA,1
HREELLTPVAQNGVSELVQKYP,1
HRFSIVYSMTAKT,1
HRNSFVDAPRVMLADLSF,1
HSDSPEDAVEMIKYIKEFLI,1
HSGLQKAVLSLYRSFLRVSNKKEMDNPSSSISNYI,1
HSMIEGIGIDIIELDRINQSIKRNPRFVQRILT,1
HSNQLWNISGVP,1
HTALTQCLRAFGPEDSLILI,1
HTHGMLISGTAFLRLRTNRK,1
HTHTHTHHTPTHSLT,1
HTRKKSIDLEFV,1
HVEKRLLFSTKKINMITDEQLNTIALTFGFASIILI,1
IAAGYDVTREGQ,1
IAEMEEYLKNAENKI,1
IAGREVCKMQSRNSSQVIVR,1
IAHLARLEFDDKS,1
IAIDAVRKHSAERKIAAEIK,1
IAKRHGVTAAEVK,1
IAKYSSMSERQSAGATNGKDKTSGDNDGQKKVQEE,1
IALKELENGKIQV,1
IASEQAVLSSAWQGDTGI,1
IAVCADDHEYKHYNIEIK,1
IAVCANDPEYRHYTN,1
ICLPTLSLWLFFMYIEAT,1
IDARGLLNMANTKKNNFEQKI,1
IDEKKCNNCKLCTIVCPLNALEGE,1
IDKDVVIIGVGDKAEIWAAA,1
IDRETIKPESHTIDDLGIDSLDFLDIVFA,1
IDTTKMSEKNNFENLLDK,1
IDVTGDTSLREALVLKSGGR,1
IDVVRDPVEEELLKE,1
IEADVENSKLIVNGKEIR,1
IEATSPVPLLATPRPTDPMPTSEVNLFLVD,1
IEDIDEGPLGDTIVKLNNLEGVLSAAMVYHHCEND,1
IEGTGNLLVLKTL,1
IEIIYVNTFLS,1
IEKLVETAGKPRTDR,1
IEKRCGFIAPISVYPGEME,1
IENINERIKQINSEEEQASGVLDVEDPISSDYTLEVSSPGMDRPLFTLEQYEAHVGEQVKIKLRSPFEGRRNFQG,1
IEQQMDIELPKGDAKDLT,1
IERLMLPLEPNEIAEDSPLFGSGLGL,1
IEVDGERVKLGIKAPKGVKILRTELIEEIKGENKA,1
IEYVQKHLNNQQEMKNKI,1
IFAFSVDAAYKKPPFNGSIFGKRSN,1
IFDNDQDIDRLSLLVSDHHLHTPIEHAVLIRGHGLY,1
IFFAYISRRETV,1
IFIEYKERKLTLKSIMAVM,1
IFKKVTDVLVAKLEVKA,1
IFLDGQHRPMAISRQ,1
IFPHTLSDDGDPVD,1
IFVEALDKNDSLNKKVRLAEKQK,1
IGAGCVINPEVPLQ,1
IGAGMDEQDRRLAELTSQRALETTPSGTSIEWRNPD,1
IGDLATQYFADHE,1
IGDQTTVTVEKGRLLIVRKMA,1
IGNKIEVWASEKYQNSKLSD,1
IHARPASLLVREINKF,1
IHGEFAPGNYPAIWSYAMGVAVVQNRAMQ,1
IHKAYHGRPKHIGHDEWDVAMERRDKKVVEKAAA,1
IHRSPDDVFRDMREMQGDDITFERALRRLQ,1
IIDNEPKAKDGVILDGFPRTIPQAEMTEGVSIR,1
IIEERKRHPRAGSYT,1
IIICENPSQTFN,1
IIKEISEFYGIR,1
IISALRREVSLNQSPADYTRLRNFEKYLDKVKAVHR,1
IKAAKEDLRSKGLKM,1
IKFILDTGITESV,1
IKIAKLSRLELKEDEVEF,1
IKIICFGKLDKKFYIDAFNDYFKRLEKYADIEIIELKEEI,1
IKIKPEIVDPDDVEMLED,1
IKQHFDRKYGRTWHCIVARHNNLSVYSSNC,1
IKQIGYDNVNEVRFGKF,1
IKRLEEIIHLLEN,1
IKRLKSLNKENMAVKKLKSKMSRLETIAELLEEDNQE,1
IKSGLTHMGFEKIES,1
IKSVSQKSQLKNTISSSQ,1
IKTMLKKSILDPQGQAVESGLDALGY,1
IKTRWEIMRTDIF,1
IKVKLNNISVLGAADNIKVVAN,1
ILAPHGLHTRPAALLVAMARRYGADITV,1
ILCNYEMFVQLSCEH,1
ILDETYKTIVIGVPGGPKKR,1
ILERAARPEGRVKLGSFLASIAREVGGLTDKEHTLF,1
ILGMMQVTKRIPFEDENV,1
ILKELNIEKEFL,1
ILKWLPPPERRWVEHSCSVPELMLAFEKKSGIRHIIPPPSFDLLIGRSVECVGIR,1
ILLVSAVFAVTAFIG,1
ILQVKNRRHTAVIYVNESKIEVVDCTNSTNCRI,1
ILRKELVQQVKDENLHSVIQNDIKLDVLSKKLIKMN,1
ILSAADAYAKILAGASLVQVYSGLIFRGPGLVREILEELPGLWLKDGY,1
ILVQLIKSYSPEYRF,1
IMAALNIAHKLLTVQTRG,1
IMKCDDDPLMSF,1
IMKRLKEISDKIENDKINID,1
IMPKELGINAL,1
IMRGDLVSRPIGEVLSEA,1
INLELEDSSETIDI,1
INLYELIKKNKFQGFSLQMIPPLLL,1
INMESYHIELMEAKMAAE,1
IPEYAAEMFAAKSDV,1
IPFIAEVWHNNTTRIYLDPR,1
IPGTLAEDGDLMDVLVLI,1
IPIMKQMVIWLSNID,1
IPNDMETQKEIVFIAV,1
IQADTIYITPPN,1
IQLVAHCLNLLDQAE,1
IQTVQDVADFIRQQKASLFANPKVKRTPLAYKKLP,1
IRESKKKRELAE,1
IRGGQPLLKEFYLLMVDFFFIRSLISAHILKVGLIT,1
IRHGTSPKDYYWT,1
IRREIDLPEDVFITVQRVELSKDGSKATVFISG,1
IRSTVAATRAASDADLLSTAMTDASKSLAEEPQQTYQE,1
IRVSTQTRDRLAA,1
ISASSFDVKVGIYNIEVKTPNTFQFYFGVIIVAYSAVS,1
ISDKYLEYAQQVHQTLRSNGIRASVDDRNEKIG,1
ISEETRSGHVNPTMIGTEHFFHNAARWFARRLMALYRELEVPAERV,1
ISLLLISTMVFGVIEAVSVQKSLKIFEGERGDCVGESQQCADWSGPYC,1
ISPNPDPALHYPMTRLFRQCCPMVWLSHLLLHGVV,1
ISQALATAREHLTRSLLTD,1
ISRYMYFYIGLGELIFLSAL,1
ISSVVVRAAKENIERVMNDI,1
ISVTIFYILVSFFIK,1
ITEIQTKYNEDLTSSDMNKIKVKVLNEQGIHARPS,1
ITNGYQSTVKILKDDFEVDA,1
IVRGLEGGQMKLE,1
IVSDVLHSEKQKISQ,1
IVSKIASEISEM,1
IVVKVIDIGKNRIRI,1
IYLENDADAEALSADLASL,1
IYRLIRAEATRLVQCQDEEYLGMPKMKSNKSVAARFKLTGSGQLKRTRPGKRHKLSKRSSQQKRNLSKQPLVDQGQVGMYKRMMLVMSCSLRSGLV,1
KAAMRLLDKKNV,1
KAFADDVTAGDVRK,1
KAGWDTHVHGIGRQFATAKEAIETFRAETGVIDQD,1
KAIKVLDEQMQSLRIMDNNE,1
KAYAGEGDFTDAPSPWMA,1
KCICVNDNGKMPQLGMG,1
KCKRGYVYMLRFRKKDSKELIKRMAKTNGCSVSEI,1
KDEEMTREGDEMERCLEEIR,1
KDEINESKKALQVLGGELLEVKNFNLPNSDYERY,1
KDETRPDEGETSF,1
KDKVDVAITKLKKE,1
KDLCEWSMTADQTEVETQIEADIMNIVKRDRPEMK,1
KDPETGKVKVMLIRESKIQQGQATSMLVRTTADFRY,1
KDWAEKLIQRNAFEHRPDN,1
KDYVCPFSSPVNGMLKPALRDLYIAMNEEMIKELKRQLKVIQ,1
KECNDKLDRIEK,1
KEDKIVNMNLSQL,1
KEENKEIRIKNTKKRKCDNCTCSRATADEKPKSNCGN,1
KEERVLTPHTPSLKTVC,1
KEGAKLVKDCKTRLSEV,1
KEIQRKNGMRDMLLKSLE,1
KEKEKLKTALQKLEKIVDDLSKKDVDVEQGLEKFRE,1
KEKNLEEKLKESMSTKPPCPPKL,1
KELDLYGKEAEDQSSKVQQLVAEGADEYDIKKQKE,1
KEVRTGKLLRI,1
KEYVQSVVGDLRAQL,1
KFGVIQHVSRKQ,1
KFICLNATKAYEVALKKYHGWIVQKTFQA,1
KFNKNIEKNRKF,1
KFTQDMLYLTQRLETPAAATASV,1
KFVGTATAGFDHVD,1
KFYFDESQEYSE,1
KGGCVEEHLRLNDCYWDT,1
KGGRMIDTNYVNI,1
KGMFPNMPFMEQ,1
KGQLLVKQCNKALEQAQLIITNYEKIMIHVTLPDG,1
KGSVPKNHLLCWNVMESSPPSQKLSQKLSHKLSPLQSESNTEKYSNEVPDKVVVRLKATG,1
KGTKFVKWDDDSTVVTPIILKTDPQGFF,1
KGVSSEQIDLV,1
KGWGYITTPQDGDVYFHRRAIEGRSRVPIQKGQA,1
KHCFMPSQYLAEEREGGGDVEKGASAGDGA,1
KHFEIRIELREDNIP,1
KIDSENSKKMLSSVALRYLLVLSLAFLAVVTSSR,1
KIHTLREVLHIVDQQFFLGSNLIFETNSTHINPAL,1
KIKENTNLKKDLDLDSLDVF,1
KISEKEVQHVAHLSRLHLDQDELASMTEQLDGILSY,1
KISLFEKENIPIVVNGNGDILWLANYRMD,1
KKESGLEKRQED,1
KKFINKSEAMQEEYRIKQL,1
KKKNSRNEGKAKKKNEKKKIGTVEFFQQ,1
KKLIRDVYFITTQELEDR,1
KKLVQRIKAREIVPGDIVEV,1
KKSHPGPSLFDAKEGCTLIQFLSETAKD,1
KKTFTFKDFNQAFSFMTRVALVAEQMNH,1
KLAGKSSSRPLGDATLGDLDFDIEVTQDYWDDLA,1
KLAQAEQKIDILLS,1
KLASETIDITLPGRGQRV,1
KLHVSIITRLMDTFFYQICTARCLGDLPFYTIYE,1
KLIELQVEEIDGD,1
KLKSYYPATINY,1
KLQESVEKFKEAMDIYEHLRGLLTKAEGEVKQVLE,1
KLQVSLSFFTFFSQLMAETMTPTVAQGPSVLRRTLE,1
KLSEAGTVLNKYIYILSR,1
KLWDSFVKEKQ,1
KMGTSVYFGTPSGSLVTSMIGNKPTIADVE,1
KMPHVIVKLYTGRNEEQKKG,1
KMSGYDRMLRTLGGNLMEFIENLDALHSYLALSYQS,1
KNAEQPTSFRVVVRSIETFM,1
KNEMQNEAHNDIKSEIKEENSLTLEQRFANLEDLISKMES,1
KNHEVELAPASAL,1
KNSAVPVNLIQRF,1
KNSGYYKGKLIL,1
KNSLIKAFARHFQVD,1
KPNKTRYSVKYRSKDGKITLKVTDDQECL,1
KPSLKKETIALDTRLKEDLGLDSFDAVELVIQFENTFKIKISDEAMQQFKNIRNIVDYIQQYVSNSNARVYTMPLGGQNSENVLPAL,1
KQAIEYIYSYFGSKNKIKRYNIKI,1
KQDISFEEALAKLNDIATKLKAKDISLEETIKYFEE,1
KQGQASEITERMELLSASLDGALKQLG,1
KQLIRQMCDGIVVYNCAEILGAAGEAVADLKQLFS,1
KQNTRFLTSVRFAAD,1
KQRVATAKELNVLKN,1
KQVTEEPEKIRKWREDQKAR,1
KRARHAALVPYIVDRKRVIPNPFEELQP,1
KRDCPTSCPTTCA,1
KREIETARVDLKTKGFKFMPQMAPVNWTLLYILIIFLFLF,1
KRPFYQVVVADQRRARDGR,1
KRWIRDVEHMTCSRHEEGELSFRDHVMTMKIRAIVTVKGLV,1
KSADMVKIAVLT,1
KSAKAVKKKMFGQYE,1
KSAKQLAITGAYE,1
KSRPEWMLAGLIVLGVFAIW,1
KSSEMTMVRTPLKGLDNFVSD,1
KSSGITNKKTIAVET,1
KTGAGGRRRPAEPDPVD,1
KTGNAQTKAMAGDTSVKLSEAQK,1
KTIMGIPVEVSDQAESFK,1
KTQEDAKAEQEPKKKKGKTEEALFMLLIGRGLNESVV,1
KTVSLKTKKVYFTRPNFVSF,1
KTWKEFETASYNLLL,1
KVIYEDFPGWKEPTFGIT,1
KVKKLAAEQAIYN,1
KVKQHKLVNDLLKDEIPKWHGLVLHTN,1
KVLSYAEFADLILDFKRC,1
KVQEGVKGLFRINCKVEGKE,1
KVRRTRNGQQSGYSRSWKKAIVTLA,1
KVVIMAQGQRKFQAHK,1
KYPALSKIEKVMMLAVDQEYANPGDRFELERFTEIAVIPPLSGGMERKTLASLCFFLIVLLAAQVVAQIVPCKTRNRNFKSACIAVSGDNEECD,1
KYQANMERWPLSKSI,1
LAAAKGKTGLDKRKSLK,1
LADNQTSPMYGLKWM,1
LAEDLTARGLEGKLK,1
LAFGYLFAERFGGPRWMENR,1
LAGFGSFSVSRRE,1
LAGGERVEGESWKTSPYHAARAIRSES,1
LAICFMLYIPLSADGHSLDIVHQVPEGHV,1
LAIGLKSTVQFFTKPKNRKGSIAFRVVLFLVLIGWPVFGMMAESYGFALLFSVHMYKLGKEEISNKSREYMPLYKLGEKYDIVMATLYLASDAEVN,1
LAIIRNLPYHNPMNSQPEIDVAGVQPAQDEQKDLSFAEML,1
LALKTLQKLKGGDQLQEALH,1
LAMILYAIPDIRLFW,1
LAMLLALDANFG,1
LANKISTFKDIANEI,1
LANRTSPLGYDFIMI,1
LAQGDFCLLALIFCHQT,1
LAQMVDDDDQVT,1
LARAVADLPALVEYALPF,1
LASSKLGGITGGLQLPMLYMVNKSPLMTNNLETCLEIAPASEPILLYEDGVYAAMNGGRFSEKLREAMEQRSIYALDADLEARGIQRILEGVQVI,1
LAYYQEGIRLVRLCRQRLKEVEGKL,1
LCNEFMVREPSIRGREGIPFWFAHDDFL,1
LCQMANREVPVTDRYPLL,1
LDAEEKSAGGIIIPD,1
LDAEVRDLKQGSDAIEER,1
LDPDYTRQVAAYVDGAIR,1
LDPVRTNYWNHQR,1
LDSLEKFFNKMPPDN,1
LDTAELRVKQISENGLVDFKEMEMSPDCATRVLQQ,1
LDTVELVMALEDEFGTSIPDDEAEKLTSIE,1
LDVEMKKMLLHTLNCAADSE,1
LDVTLPGAGAMICEKCKGKMNWS,1
LEADLEKKFKVAKARLEETD,1
LEAEKGTSVHVSACGEDAEEAVRAIIKL,1
LEDAEQRIETVSATH,1
LEDSIAKYKRGMELAEICKSKLDDAQKQIGIMQE,1
LEEKRRGGHVAVEHED,1
LEELVMPADLLSDEVLSPDEDEEVELDEQ,1
LEERFGIVIAPSE,1
LEHPHYTRPPQFRGMEVPVELVEGDHVAVAR,1
LELARDPQPHCSAGP,1
LELPAVAMEVHPSER,1
LEMSGSFHSSPALENATI,1
LEMVSMKTEVTWIRDMLRGDDAYELQVK,1
LEQAGFPVGTQVRVS,1
LESVATGGSSLYTMSNPSSK,1
LESVLQAVHEHCSMS,1
LETENKIDMTIKEKFQGS,1
LEVAHKTTFGYPMPQLDI,1
LEVFKEGIELSKICAGR,1
LEYAHRLSEDIVNKAVRQWAEVDSKYSDIPYI,1
LFEGKSTLARHRLVNHKLQEVIKDIH,1
LFIGEFAEGRPWIHLDIAGTAFLSRERGV,1
LFLLCSEDAESDVRMVADEC,1
LFLLLIMSVHVAAVEEGLVENEVTFQLREMVLP,1
LFNHEHLPAHSEWTEGPNDPMQKLKKQLAD,1
LFQGKFGENKMDWTYAQ,1
LFSLATKATTIKNIGVWEFTWEIYHYSTVSMSDFD,1
LFWFGHPFETPLLVQSVLMN,1
LGDLKGKRVLVRSDFNVPLDADKNITDDGRIQAAL,1
LGEEKKVGKFLTAARVPQEV,1
LGFVTIAGVNLTDDMSFA,1
LGGRVVYLIDDLD,1
LGLALTVASVHTILRTGMEEEEEQRERGRVQSC,1
LGMIRNGEVFFQLLD,1
LHISVSITEFTREEWATPNLIIAYIESLGAVHESMP,1
LHLGSLELIELVEAIEEEFSQRSDGFRIE,1
LHMAKEKATLPPTGAGLMRFFDEDTRAVKVSPKGV,1
LHVDYNEEKDEVEYSYTKSKSMQFKHLTVPQLHQL,1
LIAYVVMAFSEDSSD,1
LIDYAALVDSIFGNDKVITLMLNSIGLANLGVDEYC,1
LIEQQFVIDKMQLQMRHV,1
LIFGKLFSTLSQKGLEPM,1
LIGLLFEMRLLGVIG,1
LIIEIESIVAAQFEEQIR,1
LIIIKSSPDTPEARQALDLAKSLNA,1
LIKPYRSTDVVRVLS,1
LINFLLRSIIVAKSTLSTRTNPYSL,1
LIQEKSKKSDQDELGKRIDALLWEVDTLQK,1
LIQESHIVEGRPL,1
LIRDKGGDLFVHLRSVQPQDRRK,1
LIYVTKGLSCVTTKLREEGKAVKGDVNHLVTVNLFTTITNANFDKDAIADRVAKTLAVKEELMRIMGLDYGSKTVGVAVSDTLGLTA,1
LKCSHLFNLMDARGVISVTERAALMQRVRSLSCR,1
LKDFDVAEHLTSEEEIQLYLNEILQEDNIELILSALGD,1
LKIKKGATVQVIT,1
LKKRKHCRPLRSQSNEKSVC,1
LKLCQNRLKDAELK,1
LKMELSRKGISKDILDPIFE,1
LKQKLADVENTVV,1
LKQVTGTGATGRFRVGDSSE,1
LKRIRHNWHKRSSRGMLYCAALGFDTEIVMSALKL,1
LKSTLNDDTLFNQTLTPDQV,1
LKTLKLDAEVVQPDDIEMLEDLIVTAANDALKTAK,1
LKTLLMPIVSEKMTMLSANNQYAFKVRMDSSKREI,1
LKTQLKSANKSGAQLALI,1
LLDQRGAGRSTPLA,1
LLEPRDITASLIDRYIEIED,1
LLFGDSQQILPLLENLPVSI,1
LLFGNEEQEIQA,1
LLGVGVDDTQEDAAYIAKKIVGLRIFSDQDDKMNLD,1
LLHKSGASDYSIHLDRETNTLFG,1
LLKEVSKDTWEAMTKPAKRVKIGTKIHFTDILTAEC,1
LLLAALSQGIDATLAAEATAPAFRAP,1
LLLITADHGND,1
LLLLAFIVTLDGEDV,1
LLLLLPLSTAQDAEGSQEDAAQREVDIATR,1
LLLLQRVAQEDLGEA,1
LLLMAHLVDAQHRALQDCAAPPATEDRI,1
LLMGLTLKEHAEVCMALAESS,1
LLMQINQLANKSKK,1
LLNALEQLQQDYMQRLSEWESAFVELQKMFSLTQR,1
LLQSPSLRRRGRYASSMED,1
LMGWEFVYVGSIKVK,1
LMLLGLGYEVHWHYMTFLLL,1
LNAVGVFTDLEIG,1
LNEHLTRIEEAEKR,1
LNGDCPESLKKEAAAAEPPRENGLDEAGP,1
LNNLLFSLCGSHRTFASLFA,1
LNPNDREVLARQVGKFVRDDRDCIFIIPL,1
LNTKLSDILALRAVGEIDPLSTVASGAVAWDGYVI,1
LPAEPPDAYVLRLCRAKAMALPPERLMPEAYVLAA,1
LPSENYMENDFYDIVRT,1
LPSFTRTNSHIAKACCPFHDDNNPSMSID,1
LPVAIAFPSEQRKGKNDV,1
LQALQGVLGVSLVYHH,1
LQEALNGADTVRCVYILDPW,1
LQFDNTNREEEMPD,1
LQGKKEMGCKFQLLLNSRLS,1
LQKEVEEAKRFYKEKGLKLM,1
LQMFESFFLIAGPCVLEGDELNLEIARKLA,1
LQSEWLNIVYSNEAM,1
LQSNGMQIDMATLATADTLLLIEN,1
LQTNKKDKAGQRGLQ,1
LRAPVDAFFQDVTVNAPDPKLRENRLALLNALRAAT,1
LRAREQIAKEVCLSCPVARQCREAATALPERYGIW,1
LRCADSTYVILGERG,1
LRKIILREEEKLK,1
LRKVLFEYMMGRETK,1
LRLANFNDCEEAAQELFQQIQEAQ,1
LRLGDIVSFASPHRQ,1
LRMAKATGQLGKSHEVQ,1
LRMEVGKQTLKYAQEELLPLSYGVVC,1
LRREGLTMAPLEKAN,1
LSALMKRTAGVHVEPPDLRARAEEGFDGFG,1
LSDVETVRDVVNLIESKRR,1
LSEHPMGISRSKTPVDDP,1
LSERYRNRIHRALSRPNLLMGADRE,1
LSIVNSLDVLRNRLLLEIARKKAK,1
LSLEKSCELFERGMKILHFCQKKLEEIEKRVEILISENDSVKLRRYDPSEMDEESYEDEYDDDQEMLKGLAGVTSHDHSERIPILPNDQDIS,1
LSLERNTTAPAT,1
LSMVPESVREQTLQQIKEFIEK,1
LSNKNMEDTFGMDA,1
LSNRLRGKTCQTGPMSRLLL,1
LSPPPDTSWRRTNSDSALHQSTLNPQDIFAGGSQD,1
LSSYDDRVIFFIVQLTSFEI,1
LSVEGDDDADETQAANTLSDLVKAGFYESDG,1
LTADSLHFKGTGGVDAKP,1
LTAIGRKIGKRVVLEILEMEKKREKHQQGANLKKMQEVLYSGEFKKAEKAAKRKMVSKHIELLLLLEVMRTSSIEHVDEDEGDFNLSIL,1
LTALNVADEYFMTQRKLDQLSEVIGQIES,1
LTCPFCANDDRALITSFATRDGRYRVY,1
LTDHVLARGLADLLAPT,1
LTDRARKFANRLHGRFGIRVELQDERLSTVEARAGLFERGGYRALNKGSVDSQSAAIILQDWFENHYMQRLFDYLSDTGGMPVLGTIAAPPVSFTSLN,1
LTDSFTHDLGADSLDRVELFMTLEEELGISIPNSE,1
LTEKTPTPPLPVY,1
LTERVRSLYEPEMTPSIVDA,1
LTFDADAFEDFELEP,1
LTRLEALEAAAPGPE,1
LTVRPSPAAGIDFQY,1
LVDGDIVEGNTPDDL,1
LVDIMNIKPLFDK,1
LVDYYSKALRASLNSTGIDRRWGDQWPSTVELTGRGVIEWESPTFCICSSSRSTAIVETMLDRIASGDLES,1
LVNCSSQSQSKITLS,1
LVRDGIHLSKPPYSRKVGYPRRGHGHSYITAKEIAG,1
LVTQGLVHQGYLAANPRFGSLPKVMEEVELFPIDD,1
LVTRKDLCEVHIRT,1
LVWHIPIVDASNASANMEFVAPAASADAFFPIDVAFSSPKTLCELEVTG,1
LVWYSTSILAEINENSCSSS,1
LWAWAENQVMAAVK,1
LWKDITFDYTSTDTPDFVEVATGSRMLNIFSLICICLNS,1
LYGPTWHVIVGKSFGSYVTH,1
LYIVNKRTEALDSCIERVMS,1
MADLRPSGAPGPA,1
MALERQGKLDAALGLAMLVI,1
MAMLSRAAKVCGVSVLDEERDAHH,1
MANCIRRNALFFLTLLFL,1
MAQYITTADFKHFQPMNANFGLLPALPERIRNKK,1
MATANIPFAVCAGR,1
MCDNPTQTARQKPDSSMLVGMKLVRDGQADAIVTAM,1
MCFAEVNIMWAGH,1
MCLYRERKRLRSLNMSSEGELGIEVVYALPGQQTVLR,1
MDENMEAIISIGD,1
MDGFRTLKQGSKVTFDLVQGPKGKLAQNIQLLE,1
MEEARRLYEVLNKEL,1
MEFEKLQMIIAEVLG,1
MELGQSLWEAE,1
MEQRNDDRLHDLAGKLASIRQVTN,1
METLSFEFPAGQPPKGRALV,1
MEVVEFDDEQMAFSNKETWE,1
MFGVWKIQGVEAKKTALDQVREGLMVLEEEFGKCSK,1
MGEVAKARIALYERG,1
MGVEVSNKPNVSSIQ,1
MGYLLIVVTNQQGSKQFLIF,1
MHAEWGEVSRSAADFINQAMQPLSGFRDFLPASCAERN,1
MHIGIRDNRNNMGKTYR,1
MHNQDSLIYGILPDVHFR,1
MIESAHLYLEDFITQGLFMESQHYNNPN,1
MIMQSYDFYHLFKEYGCNMQ,1
MIRNDNIEIEEIG,1
MKAAKACEEILERARTRV,1
MKLLKKHGLSERV,1
MKVPDILLSGDHGKIDDW,1
MLKTLGAMSAEER,1
MLSLSRKIGEKLIIGDN,1
MLYTVFLLEGKTSET,1
MMIPDCHRRLTVA,1
MMNYSIEMDKAKALFAQKLVQKEIDMKNYNLQQIAKLLKETFDKT,1
MNDLNQIRVEVLGKKGPITEVLRGM,1
MNERHLKVYEASGNKRNVPRINLQGDWLSALGYKIG,1
MNLMLNKEIIVS,1
MNWTCCSLPNNLW,1
MPRSAIEATSVDY,1
MPYTMASLKEGLRWKAIG,1
MRLGDEHVKTGKPIVYTSADSVFQIAAHEDVITVDE,1
MSSAIKILALLMVLVALAQAKPRKDYRAYPDFDDKS,1
MTDLYLPSFFVPLVGLVFPAIAMASLFLHVQKNKIVMQ,1
MTTEIERIKILEGKISQIVE,1
MVEFLIERVSMSLILGRRVGEKIRLTIDPGAD,1
MVNAEQADLRLNRLGLLMSLHSA,1
MVNGIDEEEAIEEL,1
MVYAENRDVAGVRMINKTTIKTVLITLGVLAAVNKVSALRSVKRLISM,1
MWRIWQLFDPRQA,1
NAFCGAEVVSISEQGKGIVL,1
NAGAEKYEKIAVIAAMNIIDKYFALEKQYKDMEER,1
NCWAIATTVPSSAQPWLP,1
NDARKAKDWALADAARDR,1
NDCENACQELKREIE,1
NDLGADSLDFVELSMILEHEFNVKFTEDD,1
NDNGATKPQEEI,1
NDNRYRTKEECDKTC,1
NDRFYRKQEVYSLAW,1
NEDGKAIYFTYGLTSILLFRAGMTI,1
NELERRVLVRQR,1
NERLRKKAQILNQENQQLLFELKQKLSKTKNSSGSN,1
NERNQPLMLPALFVYIEVKDYVPDTYA,1
NERSLSPSVRNWFRLRRAHNISDITFYEVLREIDLKEESLRAFHYAQLADVDSNAQAFLKSNMQAKYVKDCGIMCRHYKRAQQQQMNMKQWIKMDL,1
NFTNFDLSNRGHGQG,1
NGISVNVTLIFSL,1
NGLDEAGPGDETTGQEVIVIQDT,1
NGRTDPESFKACV,1
NHKVQSYFPHRDYAYMIPTVLIIFIVSIFFTFIGL,1
NHRGVFVLTDLKFKWLEKYS,1
NIDIWNPLTLIRMYL,1
NIEEERLPYILGAYCPNILFPFLREAVNDLVTKGSFPQLL,1
NIEITVLDVSKDKVKIGVSAPKDIKIIRNELIDTQNVNKDSAGSKELPKKTLEALLNYNKEDMKKLSKNRIKLNICGCECVLCSEDSENYIRS,1
NIFHDVVELTLTISSNRTSSMMLLSMVLPQDQNFKTNYAG,1
NIFVDQDNYKEV,1
NIHPDYHEINVVMTD,1
NIIYQLGEADELITHVIKKGQLIFSKTDGFIGIMFVMPSGLCNFSFVQKWIFEGLCQDAYTEFFIQEQPDL,1
NIKRCYAIKNDLLARGISLD,1
NINTSPVSQFTLQARIKKSKPDFHMAAKSEEAKEL,1
NIPFDPAEKKQVCIC,1
NITKGSRSYTPSW,1
NKFAIKVPVSEMGR,1
NKNNKNTLKIYFIRFKMALPRGKVFVALLS,1
NKSSSKGKNNIETEEAED,1
NKVAVLICEALNS,1
NLIAQSPAHPRDHAR,1
NLKEGETLQGEQNVE,1
NLLEYPQYTRPETYKNMRVPKVLVSGHHGEIEKWR,1
NLMTGRVYAYVHNGGQVGAM,1
NLNTLCTGVLRVVMLSIAEAVGKPPTEGV,1
NLSHELLRQQRQLTETDAVVNHYVEDMAQKIDAILSKS,1
NLYMLETCSIARGISPANLVTLIDDLSWVDLLVAS,1
NMAKKSLIQKNK,1
NMINRIVEELDKRIDEIKEGLNELEKSGLTIEVDMNGLVIIDMNNFAIVYANITFLFYYLLDFTLPFHVCRFLFHSSLENGPQHGQQGAATI,1
NNFQVLLVSQFTLHGYLAGNMSEKRNIRDHKRRLLAAK,1
NNFSADQVTRALENV,1
NNKQKERLLKVYYRNFPRSS,1
NNNPIKFSTEANFHPERYEIAMTKLLEWLCGLSLFL,1
NNTGEISDITTAIGQMKGVL,1
NNVDGMELRRLDQ,1
NPFVYNYEALRIGGLVFTCV,1
NPTGVMVKTLVQLAINESIREMKKMFNASDLKKGDVV,1
NQAYFAGNSLGLLPKRTR,1
NQLFAEFKDVQPELK,1
NQVDFAVPKRFGLEY,1
NRAAGECISIGSEVTLCVVAVNGKSVRLGFEAPKR,1
NRSIIYSTTNSVISALLMYNLLTIISTT,1
NRVAVRRYGQGDA,1
NSENSNMKYTELKDKS,1
NSKYVHHFVSTLHFPH,1
NSTSAMDIQTVFICGG,1
NSVFVVVSDDLEWCKEHLSDQDVVFPEWM,1
NTANKIAERIQEKVNEKAMPQGKVKLFKDDKGFDF,1
NTDIDVLSERVKRALFLINLCKTKLRQTDEEVK,1
NTEKVMEAQKVIVK,1
NTIFVKKLLGIELGV,1
NTNPNCVLKDANGNI,1
NTSRDFHIHMEIPEFTCLCPKTGQPDFAIIYLDYI,1
NTTREQMVKEFQ,1
NVDVWGKRTLAYPVKKFTEGYYVVMNFLFPQTQL,1
NVNESHLREIFGHIGKVAETKIARNKFGQSLGWGLV,1
NVQNSAQNNASTLGFDTSHV,1
NWHCIVGRNFGAHVTFEA,1
NYALQLNNFSLRK,1
NYFRLYEKLAGMTGT,1
NYQDLDVTFSPGVNVFLG,1
NYVLSASASALWSEE,1
PAARGSHVSFAFEHG,1
PAEIHALLETQGGVIPKKIWETVCP,1
PAETLHGTVTVEV,1
PAGEATGHVLQQLGYPLEQLRIGRHITLTVQAADV,1
PAGTVLAFDFGEAR,1
PAKHWKGQKNQLKMLVVTRR,1
PAQGFQPNQEATQPSEQQHY,1
PCPVRTECRNHALITGEQFGVWG,1
PCSCPGIGAASYGNIHMAVHGRDAVRTGRVVDSI,1
PDARCRVKLDNGHEVIAYTS,1
PDAREALRHLAA,1
PDETSALKALIDLIEVRR,1
PDGKECLGRTSCPRLAMEYK,1
PDIAEQELKKLETRVNELIRTCERLK,1
PDITPQIARVVATRMKRKTDERTGESEVPEQTNVEAALD,1
PDLQSALLNVPASVIHVPMSSKNITVTIMAREFIVACPEGQEKSL,1
PDVYPYKQSWRFMTF,1
PDYELREIEWFFEDYQDVMHLDV,1
PDYHLLVEACGT,1
PEFLYLSHEVEWNKGLALQLFIS,1
PEHMESPHSERGLDT,1
PELFLGPLISDQKYKSFGYIT,1
PEQVRYYYLSP,1
PETEEEERMATT,1
PETSLDDAIELYKEAALLAKEC,1
PFTHAGLPFLLFPSI,1
PFVINNKLLETD,1
PGHARSLQCMDALRPGDA,1
PGRLTAQLVQEMNALVG,1
PHLAGIVDGPT,1
PHYMNTIEHRLMELEAKVAFQDETIDILNDEIKV,1
PINPHSFEFLINE,1
PIYLHEFLYPVAQAQDSVVMDVDL,1
PKAVNVRLIKRMDNNNAPKT,1
PKKKMEKRFVFN,1
PKSEMVQKFQVYYLGSVPVSKTRGYVIPGPS,1
PKSRYGGAITAGLFLDKFIRKEYKDKWLHLDIAGPAYT,1
PLAFSFSMRTKKDGDFIYAYPDNHKKYLR,1
PLATGRPGVTYHPMSRITPT,1
PLEPLIVGRVIGEVLDSFTT,1
PLRPEFGDYTTNIAFVLAKQRQQSPFLVMQ,1
PLSPPRPAHIHSSSSSLSSPSPSSSSSPLKPNQVGQ,1
PLSYFLHEAGD,1
PMSAALGPSAVKPVIKNS,1
PNTTSGDGEEIDVYIIGE,1
PPEDLLKQHLSLTGHIRTESEQMCPVPARDSTGSRVLD,1
PPEERKTFGAAVNRVRDQLTGALSER,1
PPEIPVHRMEIYNLIQQENKAAASAGALQWLKGVTH,1
PPLGAEGRGAALKQLEKERLQLLGQIDD,1
PPNGTLEDTYRYVQSQAI,1
PPSTATMPRAYWLDKPTL,1
PQDYRNYAHLSTDAVVVGMLDHLEIWSPDGWRELV,1
PQFDSENPWLRPRQPTE,1
PQMVAVGVGNMARHDIIV,1
PQSLAQKGLLLADLERAVRKSGLTCRTEQNPHPAFWSRHEGRVMVPWDRSKEMLLK,1
PRHYKIGYLPNQGEPNKKPQLILSGKWLATLGFTI,1
PRIGAVESPVVEFDSLMALFKKT,1
PSDLKDCAPIYQ,1
PSDLPAAILVTVHIMVHYPNKKKDLTSFTPHEQKRYTGMRG,1
PSEPALNIKKSGK,1
PSGAEDGARGLAAIRDGGGATVVQAP,1
PSIDVLYRSAVASFNSMCVGVLLTERLNDGTSGLEAIKKWGGLAIIQNPETADFQDISSSAQDFVEIDYVLKLKKTSTAIKEIWHAVGIRVKL,1
PSITDMRHDVWNA,1
PSKLKWIDEAPWYRKDQIKHFFKQYKPLERGKWLKVEG,1
PSMLEDPWAGLEPVSVTDINQ,1
PSPYMIGQQPTKE,1
PSRDIVNTLAEWVAQHGLRQFHLAETEKYPHVTFFLNGGKEMLR,1
PSSYLSYQYHPFY,1
PTAMWPYQTECCKGD,1
PTDSFCKLYCLKSDPTVFLCQCNCYVAEDQQYQWL,1
PTPEPIIYEKMFGANLNE,1
PTSVRIQLNNLLFSLCGS,1
PVMNSEYFAKTKKVIEEKAGVSPSEIHESSFFEDDLNVGEMELLEILSELEEMFQV,1
PVVDENNKLVLMPNLWFLLF,1
PWTVSTVGLSVQ,1
PYVWKCAVFVALAGIVMLLEIIDRPPIFWVFDCHS,1
QAARILGLGAKGDRTVRRWV,1
QAILDEIIEQMSKLVKLT,1
QAITATLGAEIHAT,1
QALQEKGYNPINQLVGYMISGEPAYITSHSEARN,1
QAQILAANGLAHVKP,1
QARAALVTGGALYIVGNR,1
QCFTESWMSCTVFFE,1
QDDLVSRTLAVYRA,1
QDKEGIPPDQQRLIFAGKQ,1
QDNSEMYLAGDWLTQ,1
QDVFDVPLVVQMTDD,1
QECEGFLNGTTNYALLRGKM,1
QEDLEFETVEATSGGGAVKVVA,1
QEKQVWGEVKAIGKGKTLK,1
QEMKYINLMLTIILALSLET,1
QEVDTPRACAEQL,1
QEVRHKRNLFPAIARRGLD,1
QEVYQQLHDYLVDLFEVPSESISPDARL,1
QFDTQAYIQQKGI,1
QGEELVKQDFNTDEF,1
QGKVPLVEVEEKYKEAVS,1
QGMGLKAACEGTARNPEA,1
QGSVSVEVSAEDLLSC,1
QGVELGQVKGLIE,1
QHGRLEDMAMADSDNLRAKVKEDVIRIMAETLEISP,1
QHSMGQKEARIYFLEMEAT,1
QIFFDDLHIGGYDDLYKL,1
QILSLKVLVQQMASVPSIGCLLARNQYYRKSSVSSVSS,1
QIRVSIDDRNEKM,1
QKDRVTVIFSTIF,1
QKILEDAKLSITQVQDDMKI,1
QKLEESSQYIGTLKSEQ,1
QKLLSWWELHYRWPY,1
QKQLQSVLKTIDELEGK,1
QLENPMRIREVKRTIARI,1
QLESVIKSLEAGDQA,1
QLGPDEAEVDSLIRQYPFIN,1
QLRDFAVDKRGTVDDKPYGGGPGMI,1
QLRKMQVGEVVALLATDPA,1
QLSSGGKNLSKEEEE,1
QLVRDGQATPATFKDLTGLS,1
QMAQLEGYYFSAALSCTFLV,1
QMLNLKILALGIAVLGVSLGEGILVANIAKSAARQ,1
QNAIQMNTTAKL,1
QNAMTAKRELSKC,1
QNCTQMAVMDPLKVTIENYDELSLP,1
QNTESSIIIANRLLDLAV,1
QNTNESEKLRGILSLLEGVETQGALSNFEIDILRPM,1
QNYVPIFSLPQEWLW,1
QPEQFDLHYIGPDANKHRPV,1
QQAEQTFEAALARLEEIVTQLE,1
QQKLTEFSGVEIHA,1
QQLRELTSQLDAALTHETKLVNEMGGDHAPKAVVLG,1
QQVLSSEDIKYTPRFINSLLELAYLQLGEMGSDLQ,1
QRNPKSNAPVAILADLVFDDTTFPKHTNDFELISRYLEDQASFSFNLGQFDEIWEDYLAHQYVDKKESYRLFMLYSVFTRIYKIRKNNKTEMILAIY,1
QRRQSGMPTGSSGYSWNS,1
QRTEAKAHKEIRRVMR,1
QSDGTVYIEAQGNSLLL,1
QSMVSLFRRMVKTEC,1
QSQLSKNQRANLEKRIEVIQTRIPALEAVAAELSLKM,1
QTFSLLVAYKIFTDGTE,1
QTLQLPVDGHFE,1
QTYKEALALASNVGDASK,1
QVADAGEPLQPAEGGARFEMEPFAAGTRAVADTM,1
QVALAELVPFLIEKFTKMSS,1
QVARELRAGYTGERVTLRWEEDTEVLETPAARAETDPYDSNPDDDMISWHQFEHLKGLIYESEMAAMIYGRQIQRLESLPPTNDVLLAQSRAN,1
QVDFDGFVKLTVLNDKSVTW,1
QVDYLQQLKASVNQRQNGQRNAIFEYHRVALDSF,1
QVEFLGGLDVIFSKQRKHQVSVEGA,1
QVIRCKTGKYFPASVESGTKKEKKH,1
QVISRQKLQSRIGQTLEVLID,1
QVVESVFFTFFLMGP,1
QVYDRISMGEIKDRTELSRKYSIPLANRMEKDGWVR,1
QYPDIEVEIIPMPDSSTERHDLY,1
QYQRQQAQLSEIKLRMRELI,1
QYSSFLFWRMPIPELDLSELEGLGLLDMAIYKTPN,1
RADSRMAVADGLLP,1
RAGVTRYSALGQPFDPTR,1
RAKADLDDIWTYSEQRWGVE,1
RALPKAEKYLSEA,1
RAPFRALLQIRMTATGTRAFRYCPFHFAFLVH,1
RAVFNLEESIAATLKIEDHTCHYM,1
RCGQMILAQTFLTRE,1
RCVDFKETAEAIAKVYYSFTVMKQLIRQMC,1
RDITALDIPDTSASNTFEIG,1
RDKFLVQSAVVS,1
RDNEVSHIPYMLVVGEKEAEADEVNVRKQG,1
RDVQIICPLCIRE,1
REAQLDKIPYMLIIGAKEVKDGLVT,1
REIATYIKLKFDSYYQEY,1
REIKEMAKKFLVNPV,1
REKLRKAEAEVAEAL,1
REPEKADDYLLQKLDREIEL,1
REQAGGDATEDFE,1
REQNQFMSFTSVK,1
RERYPLFVAGDTVI,1
RETCAWRSDGAPI,1
REVRIIGEHPKESME,1
RFKKKNFLLKNKIIAKNQYNNYFIKHRCLV,1
RFPLSNIQPHQMEFTENM,1
RFPPNAEEEALQAWEAADEYLLQQVNDVDGLTLIFNDGFGALACALAERNPVSIKRLLYFRAGDPPQPADERYRMIDIAEEVREVVVFHLGPGKTA,1
RFTLPNGRKVLIEGSKIVGRLEERIKRIRKLMKTG,1
RGGTATQLNRELQAVTADLERLTGEWEKLGQKMET,1
RGNPLAGKYYGTRTQTVILLDKNGELTYIERNLHTSDDLTEEPMTQRFD,1
RHAGADLVQLHRGLSELGVDLIHTVNRALAAPLDSPAPMAQT,1
RHAGIDMQQISRQLEEEAIE,1
RIAQAGGRFAALPGH,1
RIDDMGKRIDDIEKSVTELMNDLGFSDDENEK,1
RIEELLVPEGERDDFSPDAN,1
RILEGDKVKIEMTPYDKEKGRITFRSMNKAPDGVDRA,1
RIRTYCPRCNTHTEHRVAQYRAGKRRAMAL,1
RIRVLPGDRVRVELTPYDLTRGRI,1
RISTKMIKILNKKNIDYFLM,1
RIVADFDRDDLSIEQALEQFEKGSKLSEEIETQLG,1
RIYLGDDIVLTVVRIGGDK,1
RLAAERRAKAVCQHCPVIVQ,1
RLAIEAPDQVSIVRGELTES,1
RLGIGADGVLLVETSNIADFTMKYYNADGSNAGMCGNGGRCIAKFAFDNAIV,1
RLGRLSIQGLWFYCQPM,1
RLLANTIIENYSVSIDDMSTT,1
RLMQELQRELAGSDS,1
RLPPFKMSIFRAGGRLQYHYVTLRLATAP,1
RLRLHFRPRELTMAPPQRMRIANEKASKYVTMRGNVPKSSVIAQIYIYHGLYLMALWTILLPVCNCVNEFFPETLGGYRDFESLIGEESHEN,1
RLSEIQSQLAQQTVT,1
RLTARMLNLPNVKEATLFPRDINRIDTLLSTDKK,1
RLTSGVDYRGLL,1
RLWLLYKSYFIFIFIWTN,1
RMDSFTCATAVRRPLDESHYFGNMGSGSLSPRVNL,1
RMGLHQEKLPSDLDGMFIERLDCDMESIIRNDLMDG,1
RMIKYHVSRSAR,1
RMLIPQEVADESGFEEDPRPWINGVALIQGKFKKLMDEYDIQPIAPDGEAFDPNIHEAIS,1
RMNESTAADLHA,1
RMVMCKKLGRELPGLAYKPFPNELGQRIYDSISQD,1
RNDQNIPTSRCWV,1
RNPDKSNEKLPERILSGS,1
RNRPDGSVEAVVQGTDEAVAALVAWAKMGPPLAHVE,1
RNYIMSEQAAQGDSA,1
RPEDRIRKIKMEKGLILYPCYFD,1
RPFLAQASLQGGISRIKIQYVSDHVKRLQP,1
RPVDGLRMYYA,1
RQCQNVLNETEKAIK,1
RQGSWKANGEFAQTEVHRQVAIVFKTPPYQDQDISEEVMGPMK,1
RQRLAAVIENPLMDPNQEPPPPHYMAKMKHGSAQF,1
RQRPSRTGHDDDGGF,1
RQTQEQNTQLKELAD,1
RREKPRYDCLKRSRDMSNEEIFQTM,1
RRFAETSTTELR,1
RRGSDKPETDVLF,1
RRLEQGNLPLEES,1
RRLFSCKNAETVQ,1
RRRTTSGGGAAGGASGTMLQFYTDDAPGLKISPNV,1
RRSKENQHNNVMI,1
RRVLTGSIYHPYLSTHYNQISAPGI,1
RRVSDIEGTMNED,1
RRYCERRLMNDIDNTNKNCGAAEVFEELTFEQAASKLEEIVEKLDSGETPLGETVKLYEQGIALSDYCMKLLADYDGRIEKVSRSTDENCGEMY,1
RSCMMVALNHDYVTEPVAVKDG,1
RSDTQLITRAHEESINQSSNMRKYEMMVIARP,1
RSEREKDNDANHMVRYHGEFTYYVYQQSGRYFF,1
RSLGLTVAEQAEQHALRQAY,1
RSSGCHSGVMGALLSRWKTKPTTVEQLENLDKEI,1
RSSRHGAEGPDTTRR,1
RSSWIKLSLLAHMERKHFPPKNNAIFGMEEPTSST,1
RSVLTMGTARRLRDPKGVVS,1
RSYSCQVIHEKGSFA,1
RTDMEQLSPEHEVILSSM,1
RTEIKHWVELFFGVKVIAMN,1
RTLQQAKKQGSGKLKLGDDMLNK,1
RTMNEREVGTVGDNAEQSWHAGG,1
RTSDRAVADTLDAINALPSVYSALPVYH,1
RTSPLKPVSTVQTRETSDTPVQKTRQEKTSAATSASVTLSDAQ,1
RTSPPSRPSSTSLSSRCC,1
RTWMRYDAVRQGAIAVQFFVGLMVNKELWNEARTYGDVQVLPFVDYYSLITWTTLAICICQVFDENRLPDGEKYKDMGTLMKVFDKAVETRLDR,1
RTYPIFTVRWLAIHGLAVPTVSFLGSISAMQFIQRMVDKYVALNLGLLSGGALTGRTWAGQILK,1
RVFAMCQMKSMPNRF,1
RVIVGISPYDT,1
RVWYAGEQKQV,1
RYDGRNKHLPKDG,1
RYFSEKHYCPPLEAGAMEVSKEFKGIVCHTFLMQGM,1
RYIEAQLKAKMTLTGGMDLDRFQDRF,1
RYLVQKLDAFEEQVEVLLKDFESNAPAWLGNHDSG,1
RYPVANRDESRLMVLDVNTGTISSEPSFKNVIS,1
SAEIALFAKSVKSTIVLNYDGKTSNPINV,1
SAEQKEYMLKMSGWQRQSQNQ,1
SAHGGQRQSVIKTVAAMPEPAVPD,1
SAIEKFGNMKPPKYD,1
SAMGISQMLKAKEQKVNPREIAQNITKHLPENEYIENVEIAGPMMPRLLLRDWPRCPSLVLGAPSRPLSAVSGPAEYLQHSIVPTMHYQDSL,1
SAMRGTVYNALAAGDAVEFDVLE,1
SANRTFGNQCSLNAHNCLNKGDTYDKLHDGECKMLCAV,1
SAQVRAELLAKQGF,1
SARLDPDFAEKFLAFIIKEVIRHHDSIAGRSPRMLRRLHELRSEHRDLD,1
SASIDYCQRFLFSSN,1
SCTLPVNPDNMTVMMEQIFQ,1
SDAIERYSRPQSAAEQDYEREKLNE,1
SDDIAEKIKKVSD,1
SDGLYGAPNLPVEIA,1
SDLIENCRLTG,1
SDPFALRRASLGVLR,1
SEEAKELYIRIL,1
SEEKAMGEKNFEQIKKEIKSMISEIIEVSESKLT,1
SEKSWIEKLLTPG,1
SELNRATPNEFVGAVVPDRHAVVLDDKAPLTAMGS,1
SEPMRKLLAVFSKGRWKMEQKLQEQLDGLLEKY,1
SEPRIAVAILNCLVK,1
SEQARSRVESMITRLKALNH,1
SETEWVPKPWPP,1
SETFTDITFHPWGVYESSEEGVERQNITVLFFQD,1
SETPQLRIILVGD,1
SEVLQSIRQENE,1
SEVSKELLDFCEKNK,1
SFHQAQATIHVTDYSARMSD,1
SFLAEEAKALAKAHKNLKVMKRSSPAPQ,1
SFLKLPRTLQDLHVLRRS,1
SFRVAKFLIVIFLVLALVTFLLVATSEPNRYFNP,1
SFSLAKKLGKSPVKISEEIEKEIKLSKSS,1
SFSVPTDTAVSEIRNRVAK,1
SGDKTEALTVFSKLSSKLDRAAKTKLIHKKNADRKK,1
SGEVPMRCISFVRLHGSYDRNNRKGNSNSP,1
SGQPNYRYLMDNLFKYVIGT,1
SGREAVAVLMLGIIFTNLVEMIETRVSYE,1
SGTEVGKTFIAERLVRLLSK,1
SHLPEGHSRAEDILELLQ,1
SHSHRQSKRTWA,1
SIDIMSLLIEFEDQFGKEIPDEDIPKLLTVGNIVQ,1
SIGRGVCVFVGISRDDKDDDIEYIV,1
SIIDDNLNANIDKKTENFMHFSGIVVATKPGTFTAVCER,1
SIKEHDNRIQAVDVVVINDREEMTYQATLLIELKPGILDPQ,1
SIKIFEEGIKLSKYC,1
SINGFNCYRYLNYKNSLKIKDEKKAIQSGDKLPSV,1
SITFRSKAIVETVMA,1
SITQVNLENLVPEPFVAGRSTHGGYCGP,1
SKELKLYNDLGDLQFLWGLGLREDEAECCDVYGLDEELLEMVPKPVLAVLFLYPITTQSEEERLQMNSRTLQTELQRKPLTNYMEKLQKDINPSMR,1
SKIQHDGEEYVVMHEKDIMAIVTEGMNYSGLLVAC,1
SKMKDIDNRLRDLVM,1
SKSPPREGSQGEL,1
SKTSAAIDKAETKNLIKKNK,1
SKTSAVVDENLSNITYEA,1
SLAQFQTGVKLSRELKQELTKAENIVAKLIESDGSEKELDPTDASAPKEAKFIEEFKILAIATEVGEFGADMKVELLNDGPVTIIIDTKDAYIPM,1
SLCFYSLLLPVTVPV,1
SLEELEQLVRDLEQGELT,1
SLFIDADERQIA,1
SLGGVSMVSPVPLLI,1
SLHSAVPKRHPRLPY,1
SLKQDEKYYKVRLLNTG,1
SLNDGQRSNSIQPVSQNDQE,1
SLQNQKEMQVLEAALSQLDTKVK,1
SLSLSATMVYQFTTY,1
SLVHGLGDDEVQAWL,1
SLYEEAQKLLEECRAFLRETEGKITYLP,1
SLYEGDPARAAELSE,1
SMADEYYKLKEQYET,1
SMEMDLMVSCFSISDTARPG,1
SNDESRKTFKVRSQIL,1
SNDGQSSHMSRQVTR,1
SNEDAEMILTFGDAVDYINEHTMRCIKKKLPPNTN,1
SNEQAQLNEAYK,1
SNKSHVLENNLSFVFSLDHN,1
SNNLLVCCDRVVKTV,1
SNSSSFCEETIK,1
SNVSKKFAAGNSNLSSKLTTEDHSLD,1
SPALTPELRIT,1
SPASKVASVTRTPCA,1
SPCGNQANVLCISRLEFVQYQSMNTAGRLLLLCLA,1
SPDEVDSFLETV,1
SPFARPNHNADLSSVLGPGGCNGGYLTFSFTRRHVSGP,1
SPHLPSSLDSFSFLDCPMFRFFVASQEKFHGSADNQYWKSISKLNP,1
SPIYKWAVENGRMEA,1
SPLNNGQTTRSFKINAKKWW,1
SPPSSEASRGAGL,1
SPSTPCASDPELWFAESPAD,1
SQGIEFDEVMEELRRRRKPR,1
SQKPSRLKAEINGKD,1
SQPRKNYAAGPKSAS,1
SRLIHGQVMTSWAKTVKCEAIFAISDEVA,1
SRLKVLKEEQKLKFDIKEE,1
SRLLVVYPWTQRYFK,1
SRNSILEWSILLIDNSNRS,1
SRPAEKLSISQN,1
SRPISEFFLIRDTSLIPNILWFEYTVTRAEARNRQ,1
SRVPMSARLNLKNVATLHAR,1
SSKKKMKQTFEVK,1
SSMPIDCKSSLDLISNFITH,1
SSNMVLFILLKS,1
SSNTLENFDKSIL,1
SSPLMQWVRIPMT,1
SSSSSTSMSST,1
STADSTRVAVLACLH,1
STAGVMRAYLEHMLDWIVGAIGPLQFDVVAARLAD,1
STGRFTVQFTSRI,1
STILSQTGDWSILAASILVA,1
STIRFKMFGFIYRDP,1
STMLARYTKMSSLFADKN,1
STPSASDQVNWFRNSSPYIN,1
SVAFNGLRCYSTGKAKSLKETFADNLPGEIEKVK,1
SVDEEMVTREVTLEELGADSLDMVELI,1
SVLRRTLELIHSQQEADMPD,1
SVLVEPGRITI,1
SVLYPTLKERDGFPPVE,1
SVNSRISVAQRVLAVPTDYGRS,1
SVPQLHFHYDEMT,1
SVQYVPCPTLVTYSKADQAA,1
SVTPEVKAFLEKLRT,1
SWGQMKVQDCSTTY,1
SYRISHLTEHMKLNRKDYSTERALTMLVAKRRRL,1
SYSYICLSPSSSTANCENDE,1
TADIKNSGGRQGGVGTSAMF,1
TADYNPKRVRLYVD,1
TAEKEGSISGVGTEARLRELL,1
TAGKMRGYVGEGRFTDDPLNTFGGAGVVEILGMQKLLHYICKNGFEHHVAANLSTVGAAVHEAA,1
TAILLWKAGMPQIMPLNWIFYYMNFN,1
TALGTALDINLSNASLVFISVTFATMCKSASPIFLLLFAFA,1
TAPPSLPFPSVHLGQMWFLYYLSWFSTML,1
TAQITIMPLKELLDPQGK,1
TASEKQAARQPLSDGPFKAFLEALHQIQREFSPQR,1
TCFLASLMFFWEPID,1
TCLLRRRLPVTNEMVHNL,1
TCLVQYMTKLNELLIGLTIFFGIYGAITTRQIKH,1
TDDYFAEKRQRNN,1
TDMTAEMQEKAVELISHAFA,1
TDNAAMIAAAAFPKYLAHDFAG,1
TDRALTGSRVDALCAAVQM,1
TDVEKRKDMIF,1
TEASVLNLRRFIG,1
TEDKRSYFERQRDQYIKN,1
TEDNSVDNVQARSNFIAATK,1
TEEDAVYLADKTAHLRIFPDAEGKMNLSLLDLKTARRAGEGP,1
TEEERKLQFLRHFNLDQNNGLLNHEAVIMFKDKYYQR,1
TEETQFIYSIVVTD,1
TEILKSMKDLPAEERPKVGQ,1
TEQIKHHITRMGAVCNVYDQYNRNVTSIDI,1
TERPVTFPVRGMG,1
TERRNLTRHGL,1
TETLYAYARLIKQIAEEKGK,1
TFEDEGGKHTLRHTASHILAQAVKR,1
TFQVTTATNFI,1
TGELDTLLAGGQTD,1
TGLGNIEELGKLGLEPGENFCMGGPGMIFSREVLRRM,1
TGLKSRNIEVELL,1
TGLSAKEQNLLTHSVKWARF,1
TGPAFTVEKIYVKDVSFESPNAPAVFNDAVQPELQL,1
TGRKRSTESYYLNLM,1
TGVKVGMKPAGGISSSKLALHNLVMVKETLGNDWLN,1
TGVTVKISEGCLILLANNNEVQELRRELYQVKQAVKGMRDGMFSVLNESMNIGILEEIMQTVTVYTGPYCPYCTMAKRLLQAVGVKEINEIRI,1
THDVSFYTFFFF,1
TIAKGINVNVTLLFSI,1
TINYVMAALKLLNEEGAPEV,1
TITMHITVRSSDSGVSEL,1
TKEDCCRECAQGSCMTRCISKKMLLEVDALSLIYS,1
TKGRDYLALRPEFTPSIVRAYIQHGMKNWPQPVKLFSVGPLNMIQKSW,1
TKNEFYAIFEMLFWPLVSLISVGLLGEF,1
TKPKDEDIPFVKALG,1
TKRANRYIDIARHIAMKLNIHMSKKQKRSF,1
TKRAPRAMRKIRDFLKRHTKSDNIKIDNSINEKVW,1
TKTHYIPYIKQVIKSVDLEK,1
TLDIEQQKETSQKWSLTGDIVETRLFDQDTPDFYL,1
TLDLIQVYRIVE,1
TLESRSGTSVQMTLSTLGNHLLAEIETKKLTRDELLTLPADQVLHRLFWQEQVTRFAPRA,1
TLEVVTSYAGIHAVWSHLIA,1
TLFRQFGEIETKVEKLIQICGSQQTANLELHHKITQLEEELRAANETV,1
TLGQAKHWFTYRE,1
TLIALCKDKLLKAQKQVEKV,1
TLIDGVLAANMVYEHAEEVT,1
TLKDEVARALPDMCK,1
TLLDYIEGNIKKK,1
TLRKEAGLWEETPFAEEDMENGLQK,1
TLSIFEPLRTTGTIVCTIGPSTQSVEALKGLIKSGMSVA,1
TLTGKEIEIDIEPTD,1
TLTRQCQQALERAEL,1
TLWLHPHAAQLPQMEINSKGEKNMRRID,1
TLYANAKKGNRPSFTEAMAYEKAMEIADWRAKIDEL,1
TNVKNRSWLQSYIQICHFLCIQEDLEPRFVGEV,1
TPEEWQSGDRRWIIDWVAPF,1
TPEKVEQALKKLNLKYE,1
TPGGVRVGIEAPR,1
TQAPPSVFSTDFLDSSDLQIQWDPCLMA,1
TQITLLLVLELNNIHLEYQCRSGYC,1
TQTIEVDWDPGFL,1
TQTKINEILKIEEVSSKMPQVGIVSLGCPKALVDSE,1
TRAAALSKLCQDKLRNTE,1
TRGKMRRLSPRHSLDFARLHLDHAYESS,1
TRGSGNQEQERQLKKLISL,1
TRGSREIQYGNGTFQKFYKR,1
TRKSKDPAPTSMPLQEQMDQLSTLVEKLEDPSLP,1
TRMTVTLLQGKIH,1
TRRKGRRMNMNKQRFLRDEF,1
TSCVSIKLNDRNYLLYDEGRVRLSLLNLGERCDFVPFLSVELFKPLQSSGVYEKLHESNNMALQDESLGIDQLSVDYDYLVYRISDRVKSLE,1
TSGGIIIPDTAKEKPQRGEVVAISEIDEDGKKPVVKVGDVVLYGKYSGTEISFEGQDFLSMRESDIIAKFMNEELKPGEMTFEQALLALEDTIER,1
TSVNLKGRWLEECGFITGMPATATVARGRIIIETK,1
TTAASFLQHFVGDVRWAHLDIAGNALSSKA,1
TTAQMQHVEETDSLPEAEQDPNKKKLSYAEKRE,1
TTKAEMGPLSPARTKRL,1
TTTKAKNSNKEQAMLLYLNSTLCSIISIMYKITNVSFVEYY,1
TVAGIERADVAPERSFTEDLGIDSLT,1
TVDDGEVWLRNLHI,1
TVERAASVKDFVDAV,1
TVFSENAIDVFDVRKAEWVQSVPLKKVRPLNPEGS,1
TVGAYIHTHGRIGVLVEVNC,1
TVIENYEVQIEDNMLHLLSQ,1
TVIIKNGAHLPIGEFVEVDIVDADT,1
TVPPEISDYDEVKAAYRVVEKKFGSILNEDCTPRV,1
TVQMLLNQSDYPKVIECIETSEEVLNSELSGVQCFRHLGSQLK,1
TVQSQDGREATADSVMGLLMLESAQGQNV,1
TVQSSNRQAVDELTRFLEGVTGMRVKVAIGLRPGVL,1
TVTVLIGEIVKFLIASVIIILNEKSFKKMAIRHNA,1
TWRRKIDNGKMDQKIIAIP,1
TWRTISGNGSGMNIPQIILSGKWLKAAGISP,1
TWVIITPFIVSDHWIQQ,1
TYYVIDMVCWRGYSLYECTTEFMFFW,1
VAAAVRDISDAS,1
VADEYGIPRQLNENSFAI,1
VADTGDIEAIKRYQPLDATT,1
VAEYVNSKIAEIHSNTASRDNMRLTVLSAMNIAGE,1
VAFKERYNMPVIAEA,1
VAGQTVSFAGHSVQVVAMDFSQ,1
VAIKVALVVPDAEGQT,1
VAKDRLKLVLVSDRANCSS,1
VAKNLLRELEETTDRVRVDRLQMEVGFLRDYADI,1
VAKTKIAQGEEGT,1
VALKNAEMKVQEIDASLARALGQQEQGGD,1
VANVLKMDPEEIFDDANFIFDLG,1
VAPVDHYFSYINVLAS,1
VAQGNYEAKVAEIEAIISRI,1
VASVGDDLQYHFERL,1
VAWRLMAARDVDAVVSAGNTGAVVAAGLRTRLF,1
VCAEGLKCAKLGEGADGEAL,1
VCHVSCKGFIFMLYALFLDSTYKNMIFG,1
VCKELLDDLHIVKGHFEV,1
VDKEGHDVTPEKL,1
VDMVAASLGIDSMD,1
VDNVARCTIGTREER,1
VDPAVDMRVCEVSDSEIRKNIV,1
VEDEADMIMEGMPNA,1
VEDSKTLEALTD,1
VEGHFTEPAQWLDYHARVREPL,1
VEIDPNLSYDAALA,1
VERQQQNHEVQRQTGTNGLPKHSYWLDLLFFIIL,1
VFFYGSYSGLGSSLMQAQKT,1
VFRELDGDTTANKMLHPHQWT,1
VFVAGLPFNVDWQELKRYFRTAGTVVYAGVMKDKE,1
VGARRLAEEGFEVELKIEATAKKQERLAG,1
VGDRVRVTSSVVVYH,1
VGKFRQSYGGDSMCEV,1
VGLHARPAVLFVQSAQSFQSDIRALKGGKEVNAKSF,1
VGLMKLGTVKFYDKEKGFGFITSSNGYFEL,1
VGLPAQQMGNSEVGHLNLGA,1
VGRDNIQGARHCATRLRLVLKDTGVIDMQPEQIIR,1
VGVLKGFDQATNIILDE,1
VHDVVAKVGELNR,1
VHSEDDLLFFQDGVLGALKNS,1
VIGFETSFPPLESV,1
VIGTEVLQVYAASRDIEANAEITYAIIS,1
VIMEYRYYCHSSFRFLKGGDGETGRWQGQFATLDS,1
VIPTGPNPLHNRMAHQAHSY,1
VISAAPEPSGAMEKKLKPLREQIDAIDTQILDLLG,1
VKAKLLLDQLNVDYVEIDLSEQPEKYDELAIRRPN,1
VKEKLVADFRDEFAEKMSR,1
VKEPIRERSRAALLSPL,1
VKEYRICMPLTVDEYRIGQLY,1
VKFTEEKMQKYQA,1
VKIDKTDYMVGSY,1
VKITSTSKKLLYIKMNIKTK,1
VKLLESGELNLEQALRCFE,1
VKLRQLRSSRSSS,1
VKPPFRTAFLIMSGNRNNATTQTDGDAQPRFDEALTQLETLVRKLESGD,1
VKPVALRMVYDV,1
VKQTKNEITYQLSSDLIEKRLKEKGKCTFQLEAGY,1
VKRSKFFRKQLNE,1
VKVMNNTIIIPEI,1
VLAFLGVMSLKAPARATTAAPGTGIKDDMIPGSGGGNRASEET,1
VLARRPTRPADFDAR,1
VLCVRGGSDCAAV,1
VLFEANGVDPRLLEILI,1
VLGFNYWIASSRSVDLQTRI,1
VLKNSQIVSKSLLEPIRSHK,1
VLKSYKLFVGNLSWTVSPAELRNYFSKYG,1
VLLMTSLNLADELFKLRAEH,1
VLPDGHARFLWRVSPL,1
VLSNARLFLENLIKYGILVDPIQVVSLFVQDPYSWPALCLVLMAASIAIHLEFGGGAELLFNGVKKHHVTLPSQSEPWDMKQLLVWIQRNLLKER,1
VLSRRIGESVAIG,1
VLTAINLADELAKLQ,1
VLTEQEEYLYRIRH,1
VLTINGIAVLSEDRFLNRIGWGSTTTSSSANANLQ,1
VLVCGSKDKINQFLEWL,1
VLVTLKPVVNDPA,1
VLYAVPGHPPGLQPI,1
VMDHTLHLHVPFESARLADI,1
VMGHMVNSLAQIDEFVNLGANSIETDVSFDRNC,1
VMHNGLARKEDFTFITYY,1
VMKITEKEVRYVAGLANLNL,1
VMKSLVIVFVVLLGVAMISANEEELLA,1
VMSMFTGALVGPSGMILADGTPVQF,1
VMVYTILYLRLVPLPSFVTP,1
VNAGKVSYESLVEGIKMVGKMADD,1
VNAMNAEVKLPCKLVLKPLG,1
VNKSPYKNRSLINCV,1
VNTFKCIELFIED,1
VNVDDEGVCTVDM,1
VPDSKAISAGLLQYD,1
VPEYLSAGERIRIHIEESRYMGRADMRFSEKMTLL,1
VPFMKIMQFLDQLSKVIEDRRDNPREGSYTCYLFA,1
VPFNVDGSEHRITNLMTTLSFAQDINKPTEDQQR,1
VPNDDWTLSSLSE,1
VQARWDSTSNELNLA,1
VQDKTGKVLFVKEGALEQDEIAKVIELIKQNIMSIDFV,1
VQEFIMEPKGSVFVVRATLRVSLENAGKIFFNETE,1
VQFVIVQGQRGPQAAKVTPVDDTTNQ,1
VQIGTVLHQGLDIIT,1
VQKCNNQLDYAEKQMQILLE,1
VQNLKNKDTRDSVMIALTSDLICYMLVPSSWLF,1
VQQYIEKLGDENITLHQ,1
VQRMLTGKVKSYNEQRGFGFITTPADGDVFVYYTGILGDGFRKLEAGQTVQFVIVQGQRG,1
VREDKTVFEWDQTLEEVNIYINLPPNVHSK,1
VRKRMIRLASNYTVARMLER,1
VRLAIVAPRNVPVLRGEVFE,1
VRQSICALRGAEIHAEDPAGKLVVTLEQLPGEPPIK,1
VRRAAELAFIAMPERPGLGGMMDGLNVKSLEERSEADI,1
VRTGEKQKVKKEPTQRSINLPKWMIVLLVFLLV,1
VRTVRKHRLRVATTHIKTLMGRKKNWDERLLLTLP,1
VSACNACDLCPNKMAYFVPSIVFNGL,1
VSGAYWRGNQSRE,1
VSLLDSVDNLERA,1
VSQKMEEEDESM,1
VSRMRSVLISLKQAPLVHMK,1
VSSRALFDLEEGNAL,1
VSVTIMYSGKIRDEMIIGWRTMLETVPV,1
VSYMLRSCNTSVITQ,1
VTAEARGAEKGETLSVPDFCAK,1
VTEETKWMGSALVGILCLLFALYGLMFYIFSKPQTVPIDN,1
VTFDLDTNCLNENA,1
VTIADPQGLHAR,1
VTLIEMFDKLKGLKNMQEQAKKMQSELSSQRTTASEGGVVLTLDGNMELHDIRINESLLTPEKKNNLETLIKIAHRKATKQAQKQMAKKMR,1
VTTPARWRHGHVAWFNTEKGFGFLIPDDGGHAVYVDFQTIEGTGYRALDPGQPVVFTSIDTGRGPETTTVRPYTRTDTGARTRMDKPT,1
VVAMTASLEVGTMYPANLNDYLANPDKYELPE,1
VVEVPDKNGPIVRENDP,1
VVFVEIEIVMAAVTIAVNGRSYRFECGDEDKARFAEVAAYVTSRMDGLIAEHGNVGSERLLVMTALMIADDLW,1
VVPARVPMNIYCRYSSLTLANFLCLLMKLSISCPNSL,1
VVQVKPEFMSSVRQTIMKMENAELSVNDEVK,1
VVSNGMDKSVVV,1
VVVLLCREPCLSVNALKDMNWDLSQWCPLIDDR,1
VVWIILLSEVFVLLWKLSQILNIIDLLLMMEVESS,1
VVWPSRQQLISESV,1
VYAAGAYLLIEGE,1
VYAKESGSAAAPTAG,1
VYIVSAFLSFIFFRNSDMKG,1
VYRAKMKEPVWRELKQWPLHSLPSQVSDWLLEPGSL,1
VYRLVKSGAGTP,1
WADLLIDLSLPGYEFEAMLT,1
WAKMGPPLAHVERVDLSETEGEYSGFE,1
WCSAVFFKQVKGAKVKASAVIQNQMPFKIIASQCT,1
WDKAEAALREAVKTL,1
WETALPLRFNEHLDYQQEQALKRCMQLSLKTLRDTP,1
WEVFMLVLSRRVGEK,1
WHHSGNSLEFNKHVH,1
WHLGNRHCPAAIETGRIL,1
WKDIPPGDDPPVILNAVIEVVSGSRDKYE,1
WKFDYNDPYKQQQ,1
WLLVGHVDEFLSFVP,1
WMNVVYIADLKLPEILHTVSTDFALQKKLFQGFRATALKALAFTI,1
WSITATPGTLVI,1
WVALSAQAKQNLLWN,1
WVALSFQHKQWISLAPMKMEINEIFQKVK,1
WWNQVDDDGKSHWVYESRKETS,1
WYKRDVPEFLSMDYL,1
YADLLARLPQGDAIPDYAGT,1
YAGPGLVKASAEAMQQSVSL,1
YAMAATEAGTP,1
YAVEVIMFECNIIY,1
YCFGVKDTLQALELGAVEEL,1
YCQLQLRSYKEEIDKLSK,1
YCYNGGYFLRVLPNG,1
YDIVGSTSDHNCVIL,1
YDWKAIEKDGFLQGYNTIIWIVVALQMIFYREKIEAADNSMDDEL,1
YEEGMAIAKQLR,1
YEFFDIFNRERGTVASKDMFKFFDQYNNTLV,1
YELVKPNETFYRIAK,1
YEPVYRIHLDVCQLRRVIAAHGFSSKEIITFWQVMLRNTTCHYHRASPTAPEVLFCHREP,1
YERNAGWKTMCGVGANKDQV,1
YESGIMDSMTTVQMLLTL,1
YFNYKKGYGFIESKQMETDVFVHVKDLESRVRKGDTVRFSIVEEPKGPRATQVEVVMTETIRISLDVMGGDNG,1
YFSEIPDWAIDYYIKHYKPFDKAGAY,1
YGAFPQTWEDPNVKHAETGANGDNDPL,1
YGKASEISKGKDTTTMVKRE,1
YGKEFYLAHGDGLGDPDKKF,1
YIFNILHSKGKLFKRQDEKLIGVPLSDPRWENVHSLK,1
YILGDLFEYWLGDDA,1
YIRKMTDLARYIDHT,1
YIRMNKKVKIIGAGLAGCEAAYFLANNNIQVELYEVKTLIKNEVQKTNNFAELVCSNTFRSQSL,1
YKERGFQFLLDAFNSPTYLEDVT,1
YKFISFFIIIPPVSGFCWIQYAMLTLKLFVYTVVI,1
YKIVIYFNIIYYRFFIWIYINILIFILLKNKKNKNK,1
YKKDILDNYEKIYKKPGYKP,1
YKNGNASEKHQPKSILSVMALGAVKGDELTFEAKGK,1
YLAELTTVYGPLSDKAFSEYMLNKDPEDIGPSDSASNDLPTK,1
YLIHGHTHRQAVHSETKFTRIVLGDWKADYASVLK,1
YLKKEQPYNCAGSFKSEA,1
YLKLHAEELSPEEIE,1
YLSLPQQIAICLTGL,1
YLVACPPDKKDALENAAG,1
YMTDTIGAGQPGQDA,1
YNHKKGKMTLKMTDDVVCLQYDTDQIQDVKRLEKLT,1
YPTRNPHMLGEGASKVELQQ,1
YQHMAQGADYQ,1
YQHTETGAEMDEE,1
YQIKTLEDAVQIIQKKLMRWFEKKTVSQQTYK,1
YQPLDELFIVL,1
YREYSGTDYEEEGK,1
YRFLTGGQRVRFEIGYGIFGRQAVNVQVCMNTGTVK,1
YRKLLKENNLLE,1
YRLRGSITLEQFMSWKGFSKS,1
YRYCLNLTIADDQTLCDV,1
YSLALAALLVALYYG,1
YSTENRFTPSVYS,1
YTIKDVHGIHARPATELFK,1
YTLVRGQWRARPDANDADTT,1
YTMVQEEVEKKTAKGSSSCT,1
YTNTVSSQAQTPQQRRANAKFFKEQ,1
YTQDDHVGLRVEPVVVLG,1
YVDTNLVGTGKVAQAAICGLEGGVWASSSGFQLQPSE,1
YVPTVFENYTAC,1
YYILAYRNLGIFYENAVNRILKDFV,1
AAAPAATLEEHMTACQGV,0
AAAQWDFGNTMC,0
AAATQAANGGPATPA,0
AACARFIDDFCDTLTPNIYRPRDNGQRCYAVNGHRCDFTVFNTNNGGNPIRASTPNCKTVLRTAANRCPTGGRGKINPNAPFLFAIDPNDGDCSTNF,0
AALEAKICHQIEYYFGDF,0
AAPCFCSGKPGRGDLWILRGTCPGGYGYTSNCYKWPNICCYPH,0
AAPTGDPKPKKNKKP,0
AAVALVEAKQARSDIEKLKEAIRDTNKAVQSVQSS,0
AAWWAGIKQEF,0
ACFPWGKEYCGGK,0
ACWWAGAKQEF,0
ADGAHRSLLGRMKGA,0
ADKEVVAATYVKKK,0
ADLEVVAATFVLVA,0
ADRFKQVDGFYARDL,0
AEAASQVTNTATIM,0
AEAIPMSIPPEVKFNKPFVF,0
AECVVSCSMSYTKA,0
AEGIGALFLGFLGAAGSTMGARSMTLTVQARQL,0
AELYVREHLREQSRK,0
AENTDANFYVCPPPT,0
AESTTPCSGSYLKA,0
AETVESCLAKPHTEN,0
AFHRYGTTVNCIVEE,0
AFKQSPPAIPALGTN,0
AFLGWIGAIVSTALPQWR,0
AGAGTGATAIGMVTQYHQVL,0
AGALMFAWLLLGLQGIFN,0
AGDDQGLDKCVPNSKEK,0
AGDNATVAAGHATLREHLRDIKAENTDAN,0
AGHNKVGSLQYLALA,0
AHWGVLAGIKYFSMVGNW,0
AIPALGTNVKKRRHG,0
AIRDTNKAVQSVQSSIGNLIVAIKSVQDYVNKEIV,0
AKDEMEECASHLPYEA,0
AKDLEVVCSTYVLVEA,0
AKFEVNNPQVQRQAFNELIRVVHQLLPESSLRKRKRSRC,0
AKKAAKKAKKAAKKAKKAAKK,0
AKKQRFRHRNRKG,0
AKYVRNNLETTAFHR,0
ALAALITPKKIKPPL,0
ALDKAEESNSKADKVNVKAT,0
ALGPAAAAAEMMTACQGV,0
ALHALGYQLAFVLDSPSAY,0
ALNCYWPLNDYGFYTTTGIGYQPYRVVVLSFEL,0
ALPQWRIYSYAGDNIVTA,0
ALQELLGEYIQWLKDGGPSSGRPPPS,0
ALYVGDLCGSVFLVGQLF,0
ANGSRIPTGERVWDRGNVTL,0
ANPDCKTILKALGPAATLEEMMTAC,0
ANRETKLGKAGYVTNRGRQK,0
ANSVACRDGLRAQAECRNTTHLLQRQLTRTQDSLLQAETQANSCNLTVVTLQESLEKKVSQALEQQARIKELENEVTKLNQELENLRIQKETSSTVQVN,0
ANVVATYPAHS,0
APEDIGFCLEGGCLVALG,0
APERASSVYTRSTGEQEI,0
APKEWMAWAREIAAYAKLIAALIKQGI,0
APMGSDPPTACCASYTARKLPRNFVVDYYETSSLCSQPAVVFQTKRSKQVCADPSESWVQEYVYDLELN,0
APTSPGTPGVAAATQ,0
AQIVKLGGDDGSLAFVPSKISVAAGEAIEFVNNAGFPHNIVFDEDAVPAGVDADAISYDDYLNSKGETVVRKLSTPGVYGVYCEPHAGAGMKMTITVQ,0
AQLLESVLQEERILALHAQARERLT,0
AQLVGELGSLYGPLSVSA,0
ARALAHGVRVLEDGVNYA,0
ARATCYCRTGRCATRESLSGVCEISGRLYRLCCR,0
ARILMRIRQMMT,0
ARMLGDVMAVSTCVP,0
ARRAKRRARRAARRARRKARR,0
ARRYNATHIKVGQPQ,0
ASANASVERIKTTSS,0
ASCDKCQLKGEAMHG,0
ASVTVGRRVSARMLG,0
ATAGWTFGAGAALQIPFAMQMAY,0
ATAPTTRNLLTTPKF,0
ATGQETAYFLLKLAGKA,0
ATHIKVGQPQYYQAN,0
ATHQETIEKVTEALKINNLRLVTLEHQVLVIGLKVE,0
ATMYYKDVTVSQVWF,0
AVASVPRARGKYWWG,0
AVSKVLHLEGEVNKISALLSTNKAVVSLSNGVSVLTSKVLDLDNYIDKQLLPIVNK,0
AVSPTTLRTEVVKTFRRDKPFPHRMDCVTT,0
AWDFGSIGGVFTSVGKLVHQVFGTAYGVL,0
AWDFGSVGGLFTSLGKAVHQVFGSVYTIM,0
AWLVHTQWFLDLPLPWLPGADTQGSNWI,0
AYQPLLSNTLAELYV,0
CATCEQIADSQHRSHRQMV,0
CATCIADHRSH,0
CCFLNITNSHVSILQERPPLENRVLTGWGL,0
CCGCCYIAACARNNSNCSSHLECSTC,0
CDSCERCWYVWLILLRVRLRLLVSL,0
CDVIALLCHLNTPSFNTTHYRESWY,0
CGECGGGHIVGRFCMVVRFLRLVFI,0
CGESCAMISFCFTEVIGCSCKNKVCYLNSIS,0
CGESCVFIPCITTVLGCSCSIKVCYKNGSIP,0
CGETCLLGTCYTTGCTCNKYRVCTKDGSVLN,0
CGETCVGGTCNTPGCTCSWPVCTRNGLNPV,0
CGRCLQRACCKYCRLKCRLILFVIF,0
CGSVFLVGQLFTFSPRHH,0
CGTCVRDCWPETGSVRFPFH,0
CGYSFTDYVLIWVKQSC,0
CHAEDCHAVGCHAI,0
CICCCMCVLYAVLWWLSVLVSLCELLIRSEFELERSMNRRY,0
CIVEEVDARSVYPYD,0
CKFCYGSAQCPTFLFIVRLLRFVWV,0
CKSCDTRCTCLRRRLRVGVGLPCMGC,0
CKWEEAKVKFHCQRTQSQPGSW,0
CLGIGSCNNFAGCGYAVVCFW,0
CNCTNSSSSYSGTKMACPSNRG,0
CNIAPASIVSRNIVYTRAQPNQDIA,0
CNSTKNLTFAMRSSGDYGEV,0
CPPPTGATVVQFEQP,0
CRCCELKSLCPTLMRVVRLLGLVLL,0
CSIELSDIPLSVDFNTMID,0
CSRCLELALCLDPAN,0
CTEEHIVATELVIQEMYIKINVKNSP,0
CTLCRVVDCCLYAIVFVMVRVVVLCVNKIRIRAREIYES,0
CTLNFPISPIETVPVKLKPG,0
CTQCCAPSTCLNYRIFVGLLRFVVI,0
CTSDLPSSWGYMNCNCTNSSSS,0
CVCVKTTSLVRPRHI,0
CVTCKSTVLCDKMQHPCRRGPRCISC,0
CYSCPCERRCHKIARGLLILRSVLF,0
DADIAVWAPPVNAQN,0
DAILHTPGCVPCVREGNA,0
DARDAMDRIFARRYN,0
DAVYLHRIDLGPPISLERLDVGTNLQNAIAKLEDA,0
DCFSESAIRKAILGH,0
DCIGKDARDAMDRIF,0
DDHETDMELKPANAA,0
DDMSVISELICTSPLDFIN,0
DDSVVCAAMSYSFA,0
DDVAARLRAAGFGAVGAGATAEETRRMLHRAFDTLA,0
DFLEENITALLEEAQIQQEKNMYELQKLNSWDVFG,0
DFRRLPGAFWQLRQP,0
DFWEVQLGIPHPAGLKKKKS,0
DGFIHVQGHLQEVDAGNF,0
DIQKLVGKLNWASQIYPGIK,0
DITLNNSVALDPIDISIELNKAKSDLEESKEWIRRSNQKLDSIGN,0
DLADQLIHLYYFDCF,0
DLEAVPFVNRTTPFTIRGPL,0
DLKYNPSRVEAFHRY,0
DLSNQINSINKSLKSAEDWIADSNFFANQARTAK,0
DPKPKKNKKPKNPTP,0
DQYLESVKKIHKRLDV,0
DSGLLDYTEVQRRNQ,0
DTHTTGGVAGRDTLRFTGFFSFGPKQK,0
DTRACDVIALL,0
DVMAVSTCVPVAADN,0
DWHLGQGVSIEWRKK,0
DWLRIIWDWVCSVVSDFK,0
EAIIRILQELLFKHFRIGRRRRRRRR,0
EARKLNPNAIASVTV,0
ECRSTSYAGAVVNDL,0
EDCSTPSSGSFLDR,0
EDGGSFMCLWCGEVHG,0
EDGGSWIESWPEWWLG,0
EEESEVAHLRVRRGFGCPLNQGACHRHCRSIRRRGGYCSGIIKQTCTCYRN,0
EELAKKAEELAKKAEELAKKAEELAKKAWASLWNWF,0
EELRVRLASHLRKLRKRLLRDADDLQKRLAVYEEQAQQIRLQAEAFQARLKSWFEPLVEDM,0
EEMKKSDEEIKKYIEEIKKVEEESKYDEE,0
EEYTKKIEEYTKKIEEYTKKIEEYTKKIWASLWNWF,0
EFVLATGDFVYMSPF,0
EGPTLGNWAREIWATLFKKA,0
EICTEMEKEGKISKIGPENP,0
EINCTRPNNNTRKSIRIQRGPGRAFVTIGKIGNMRQAHCNIS,0
ELDSFKEELDKYFKNHTSPDVDLGDISGINASVVNIQKEIDRLNEVAKNLNESLIDLQELGKYEQYIK,0
ELKNEAVRHFPRIWL,0
ELLFDGTNPSTEEMGDDFRSGLCPFDTSPV,0
ELQREESPTGPPGSIRT,0
ELSEWGVPCVTCILDRRPAS,0
ELSNIKENKCNGTDAKVKLIKQELDKYKNAVTELQ,0
ELVNQIIEQLIKKEKVYLAW,0
ENGLHNRSLNPR,0
EPCTVGHRRYFTFGG,0
EPDSVSIPITCCFNVINRKIPIQRLESYTRITNIQCPKEAVIFKTQRGKEVCADPKERWVRDSMKHLDQIFQNLKP,0
EPYNEWTLELLEELK,0
EQSRKPPNPTPPPPG,0
EQVDKLVSAGIRKVLFLDGI,0
ESTHPRISSEVHIPL,0
ESVKITCARPYQNTRQRTPIGLGQSLYTTRSRSIIGQAHCNIS,0
ESVVINCTRPNNNTRRRLSIGPGRAFYARRNIIGDIRQAHCNIS,0
ETVPVKLKPGMDGPKVKQWP,0
ETWETWWTEYWQATWIPEWE,0
EVIDKINAKGVCRST,0
EWRKKRYSTQV,0
EYPLSRVDLGDCIGK,0
FADIDTVIHADANAA,0
FAIAIKAIKKAIKKIKKAIKKAI,0
FAKKFAKKFKKFAKKFAKFAFAF,0
FAVAVKAVAVKAVAVKAVKKAVKKVKKAVKKAVKKKK,0
FAVGLRAIKRALKKLRRGVRKVAKDL,0
FCQAVGWGDPITHWSHGQNQ,0
FDLGGLIKGVVDLF,0
FEDRAPVPFEEVIDK,0
FEQKIGAWWCA,0
FFIFPNYTIVSDFGRPNAA,0
FFIILLTIDRYLAVV,0
FGGASCCLYCRCHIDHPNPKGFCDLKGKY,0
FHCQRTQSQPGSWFRAISSWKQ,0
FHRKKGRGKHK,0
FIHFRIGCQHSRIGI,0
FKLPIQKETWETWWTEYWE,0
FKLPLGINITNFRAILTAFS,0
FKLRAKIKVRLRAKIKL,0
FKPSSPPSITLW,0
FKVKAKVKAKVKAKVKAKKKK,0
FLAAARIAKRVAKKARKLAKRAARKRK,0
FLFAFRIFKRVFKKFRKLFKRAF,0
FLFNVIPHAINATASLIKK,0
FLSLIPGAISAIASLFK,0
FLYTAFAMQELGCNQNQFFC,0
FNLSDHSESIQKKFQLMKEHVNKIG,0
FNMTKAVEMVNIAGNWSCTS,0
FRKQNPDIVIYQYMD,0
FSSDAISTTFTTNLT,0
FSVPLDEDFRKYTAFTIPSI,0
FWFTLIKTQAKQPARYRRFC,0
FWNWLSAWIKKTYEEIKKTYEEIKKTYEEIERDWEMV,0
FYHSKRRLIFSKRKP,0
GAETFYVDGAANRETKLGKA,0
GAKKGAKKGKKGAKKGAKGAGAKGAGAFKKKK,0
GAKTETLVIPETELEAC,0
GAPASVLGSRPFDYGLKWQS,0
GAPLGGAARALAHGVRVL,0
GATVVQFEQPRRCPT,0
GAWYKGRARPVSAVA,0
GCASRCKAKCAGRRCKGWASAFRGRCYCKCFRC,0
GCTCSWPVCTRNGLPVCGETCVGGTCN,0
GDPTFCGETCRVIPVCTYSAALGCTCDDRSDGLCKRN,0
GEETLKKWEEQTKKLEEKFKKIEENIKKNEEQVKKGEEQLKK,0
GELDELVYLLDGPGYDPIHCDVVTRGGSRLFNF,0
GELGRIPSDTYDLAVGALHCPFYLVSGLVYLDG,0
GELGRLVYLLDGPGYDPIHCSLAYGDASTLVVF,0
GELGRPVYVLGDPGYYATHCIYATTNDALIFSV,0
GGFLIAYQPLLSNTL,0
GGSFRFSSDAISTTF,0
GGTIFDCGETCFLGTCYTPGCSCGNYGFCYGTN,0
GGWTQWWWTAFY,0
GHRYSQFMGIFEDRA,0
GICRCICGRGICRCICGRIGGRVPGVGVPGVGHHHHHH,0
GIFDKLAKEISIW,0
GIIDIAKKLFESW,0
GIKYFSMVGNWAKVLVVL,0
GIPCAESCVWIPCTVTAIVGCSCSDKVCYN,0
GIWSDLAEIIKKF,0
GKKYRRFRWKFKFGKWFWFG,0
GKTKCTASNKNRGIIKT,0
GLASTLTRWAHYNALIRAF,0
GLCPFDTSPVVKGKYNTTLLNGSAFYLVCP,0
GLDTVSFSTKGATYITYVNFLNELRVKTKPEGNSHGIPSLRKSSDDPGSSFVVAG,0
GLFDIIKKIAESW,0
GLRRLLGRLLRRLGRLLLR,0
GLRSRIWLWVLLMIWQESNRFKRM,0
GLTGGFYEPLVRRCSELMGR,0
GLWRFWFGDFLT,0
GMVTQYHQVLATHQEAIEKV,0
GNHILSLVQNAPYGLYFIHFSW,0
GNTPNVSGANPVDCTMYSNK,0
GPPISLERLDVGTNLGNAIAKLEDAKELLESSDQI,0
GPPPHHRDYHGP,0
GPWVWVPAFCQAVGWGDPIT,0
GQHRTKIEELRQHLLRWGLT,0
GQLFTFSPRHHWTTQDCN,0
GQPEEGAPCQVVLQGA,0
GQPSHDPVPPTT,0
GRFKRFRKKFKKLFKKIS,0
GRKRRQTSMTDFYHS,0
GRRRRSVQWCAVSQPEATKCFQW,0
GRRVSARMLGDVMAV,0
GRTTLSTRGPPRGGPG,0
GRWPVKTIHTDNGSNFTGAT,0
GSDTSLIDTCGNTPNVSGAN,0
GSGPTYCWNEANNPGGPNRCSNNKQCDGARTCSSSGFCQGTSRKPDPGPKGPTYCWDEAKNPGGPNRCSNSKQCDGARTCSSSGFCQGTAGHAAA,0
GSHTEHTTYAADRFK,0
GSPRTEYEACRVRCQVAEHGVERQRRCQQVCEKRLREREGRRE,0
GSRVQIRCRFRNSTR,0
GTACGESCYVLPCFTVGCTCTSSQCFKN,0
GTKAWTEVWPLC,0
GTKWLTEWIPLTAEAEC,0
GTTVNCIVEEVDARS,0
GVFVFNGTSWFITQRNFFS,0
GVIPCGESCVFIPCISAAIGCSCKNKVCYRN,0
GVLLLILCLPTLVDCIRNCI,0
GVYYDPSKDLIAEIQKQGQG,0
GWAGWLLSPRGSRPSWGP,0
GWFDIIKKIASEL,0
GWHTTDLKYNPSRVE,0
GWINEKKMQQKIDEKIGKNIIGGMAKAVIHKMAKNEFQCVANVDTLGNCKKHCAKTTGEKGYCHGTKCKCGIELSY,0
GWLKKIESIIDAF,0
GWWNQMAYYNSCKWEEAKVK,0
GYFVQDDGEWKFTGSSYYY,0
GYHLMSFPQAAPHGVVFLHVTW,0
GYVYFEEYAYSHQLS,0
HATCSLAFALATSVALATRNDLLLRWAAARDAQTILSKRDR,0
HDWTKNITDKIDQIIHDFVDKTLPD,0
HEFVPLEVYTRHEIK,0
HFPRIWLHSLGQHIY,0
HKILGYTVIAMPEVEGEEIQ,0
HLKTAVQMAVFIHNFKR,0
HMNASDMEIKSYINMIESVEESSNYDF,0
HPAGLKKKKSVTVLDVGDAY,0
HRMANMMMNWSPTAALV,0
HTGERDWHLGQGVSI,0
HTTYAADRFKQVDGF,0
HVMLALATVLSIAGAGTGATAI,0
HVNDMLGRVAIAWCE,0
HVTTTFAPPPPR,0
HWSHGQNQWPLSCPQYVYGS,0
IAEIQKQGQGQWTYQIYQEP,0
IAVVFKENIAPYKFK,0
IAWCELQNHELTLWN,0
IDLNITMLEDHEFVP,0
IDRLITGRLQSLQTYVTQQLIRAAEIRASANLAATK,0
IEEINKKVEEIQKKIEELNKKAEELNKKLEELQKK,0
IEVTFVNRRGDGAELWYLSA,0
IGLKVEAMEKFLYTAFAMQE,0
IIIVIIVILLSLIAVGL,0
IKKEIEAIKKEQEAIKKKIEAIEKEIEAQQHLLQLTVWGIKQLQARILAVERY,0
IKKEKVYLAWVPAHKGIGN,0
IKKTYEEIKKTYEEIKKTYEEIKKTYEEIKKTYEE,0
ILAWKWAWWAWPP,0
ILGPVLGLVSRTLRRVLGIL,0
ILPWGWPWWPWPP,0
INVKQIAARLLPPLYSLV,0
IPLRGAFINGRWDSQCHRFSNGAIACA,0
IQAQPDKSESELVSQ,0
IRKAHCNISRADWND,0
IRKVLFLDGIDKAQDEHEKY,0
ISSEVHIPLGDARLV,0
ISTTFTTNLTEYPLS,0
ITTYWGLHTGERDWHL,0
IVHVTAKDKGTGKENTIRIQEGSGLSKEDIDRMIKDAEAH,0
IWNHGNLTLGEWYNQTKDLQQKFYEIITMDIEQNNV,0
KAFEEVLAKKFYDKALWD,0
KCPTPAIEPPTGTFGFFPGV,0
KDSTKWRKLVDFRELNKRTQ,0
KDVTVSQVWFGHRYS,0
KEGSNICLTRTDRGWYC,0
KENIAPYKFKATMYY,0
KETPIRNEWGCRGETPIRNEWGCR,0
KGEAMHGQVDCSPGIWQLDC,0
KGIYQTSNFRVVPSGDVVRF,0
KGLSGPAVPWWVV,0
KGLSGPFCSWWWV,0
KGLSGPFFWWLFV,0
KGLSGPRYVWWLV,0
KGVSGHGQHGVHG,0
KHMHWHPPALNT,0
KIEEIESKIKKIENEIARIKKLLQLTVWGIKQLQARIL,0
KILEPFRKQNPDIVI,0
KIPCGESCVWIPCVTSIFNCKCKENKVCYHD,0
KIPLELWTRYNMTINQTIWN,0
KISKIGPENPYNTPVFAIKK,0
KKFACPECPKRFMRSDHLSKHIKTHQNKK,0
KKGACEARHREWAWLCAA,0
KKIKPPLPSVTKLTE,0
KKKKAVAATYVLV,0
KKKKFVKKVAKKVKKVAKKVAKVAVAV,0
KKKKLLAAFLFFF,0
KKKKLLLPFLFLV,0
KKKKLLLPFYVFF,0
KKKKLVLPTLFFF,0
KKKKVLAAFYVLV,0
KKKKVLLPFLLFF,0
KKKKVVAATYFFFA,0
KKKKVVLATLVLV,0
KKKKYRNIRRPG,0
KKKMVLGVFALLSLISGSLKK,0
KKLMSNNVQIVRQQSYS,0
KKNEEIIKKLEETKKNEEKNKKSEEILKKLEELRKK,0
KKRKRRFLGFLLGVGSA,0
KNEWGCRCNDSSDGNEWGCRCNDSSD,0
KNKKPKNPTPPRPAG,0
KQLLPIVNKQSCSISNI,0
KQLSYCTDPLQIPLINYTFG,0
KQLTEAVQKITTESIVIWGK,0
KQRNRWEWRPDFKSKKVKISLPC,0
KQRQNKPPSKPNNDFHFEVFNFVPCSICSNNPTCWAICKRIPNKKPGKK,0
KRKRAVKRVGRRLKKLARKIARLGVAKLAGLRAVKLF,0
KRKRFAKKFLRFLRKVIRFLKRFIRRF,0
KRWNETITGPSGCANNTCYN,0
KSLEQIWNNMTWMEWDREINNYTSLIHSLIEESQNQ,0
KSLLTEVETPIRGSLLTEVETPIR,0
KTNVTLSKKRKRRFLGF,0
KTTSSIEFARLQFTY,0
KVINPEPIVEPFMSKPFALF,0
KWAPEWAPEWI,0
KWLCRIWSWISDVLDDFE,0
KYKETDLLILFKDDYFAKKNEERK,0
KYKLKHIVWASREL,0
KYTAFTIPSINNETPGIRYQ,0
LAEGPPVKECAVTCRYDKDADINVVTQARN,0
LAHKSRLYERHM,0
LEAIPCSIPPCVFFGKPFVF,0
LEEWYKKTEELQKKFEEIIKKIEENNKKVEEGLKK,0
LEVYTRHEIKDSGLL,0
LFFLLTVPFWAHYA,0
LGCETAALRLGIKLTQHYFGLLTAFGSNFGTIG,0
LGCNQNQFFCKIPLELWTRY,0
LGDARLVITTYWGLHT,0
LGKFSQTCYNSAIQGSVLTSTCERTNGGYNTSSIDLNSVIAAVDGSLKWPSNFIEACRNTQLAGSSELAAECKTAAGQFVSTKINLDDHIANIDGTLKYE,0
LHDLRFADIDTVIHA,0
LKAKTNISIREGPTLGNWAR,0
LKTVRLIKFLY,0
LLDCWVRLGRYLLRRLKTPFTRL,0
LLGDLLRKSKEKIGKEFKRIVQRIKDFLRNLVPRTES,0
LLGGILGIGLGVLLLILCLP,0
LLPRRGPRLGVRATRKTS,0
LLRIPQAIMDMIAGAHWG,0
LLSLINDMPITNDQKKL,0
LNLADATNFLQDSKAELEKARKILSEVGRWY,0
LNWGTPDWDVRNCVGVLWCP,0
LPEKDSWTVNDIQKLVGKLN,0
LPLPAPSFHRTT,0
LPRRLHLEPAFLPYSVKAHEC,0
LPTTQLRRHIDLLVGSAT,0
LQDSGLEVNIVTDSQYALGI,0
LQNHELTLWNEARKL,0
LQQLLFRRRRRRRR,0
LRCRNEKKRHRAVRLIFTI,0
LRSRTKIIRIRH,0
LSCPQYVYGSVSVTCVWGSV,0
LSELDDRADALQAGASQFETSAAKLKRKYWWKN,0
LSNTLAELYVREHLR,0
LTEDRWNKPQKTKGH,0
LTEEKIKALVEICTEMEKEG,0
LTLWNEARKLNPNAI,0
LTSDTYFLPVPA,0
LVQPRGPRSGPGPWQGGRRKFRRQRPRLSHKGPMPF,0
LVSFRYEDQGPLVEG,0
LVVLLLFAGVDAETHVTG,0
LYGNEGCGWAGWLLSPRG,0
LYIRPRPPDNDDGDDNDDGGGENNGGDGDNYATDDMMMVMIMMMVVVRIMVVMVIIMLLMT,0
MAILGDTAWDFGSLGGVFTSIGKALHQVFGAIY,0
MANAGLQLLGFILAFLGWIGAI,0
MARHRNWPLVMV,0
MASTGLELLGMTLAVLGW,0
MAVFLIAYDLVNERRGTHDYQPLWDELKRLGAHRTQFSLWLVSANNTTAEVRQHFQQFVDSNDRIWVTRLRKSQYDYANAIGGTNNWLSNNPPEA,0
MAVGLVLCDWWLGEYLLEA,0
MDFWLVCYDVRDDKRRRKLAKLLEQRCQRVQYSVFECPLPEKVLTDLLHRRWLKELNLKEDSLRAYPLQRQSRSQAKIFGSPDLYEPPDFLIL,0
MDGPKVKQWPLTEEKIKALV,0
MDRIFARRYNATHIK,0
MDVNPTLLFLKVPAQNAISTTFPYT,0
MDYQVSSPIYDINYYTSEPCQKINVK,0
MEHLYIVSYDIRNQRRWRRLFKTMHGFGCWLQLSVFQCRLDRIRIIKMEAAINEIVNHAEDHVLILDLGPAENVKPKVSSIGKTFDPILRQAVIV,0
MFLYVIAYDIPDDRRRKKMADLLEGYGQRVQYSVFECTLSKSKFNELQKRLRKIYQSEEDSLRFYPLSGHTLTQVDIWGEPPLTKPPGSVIV,0
MFVVLVYDTAAERNPNALRTCRKYLHWVQRSVFEGELSAAQYRALMTTLRDQLDLTYDSIRVYRTRSPALVETEWLGVPLGNQDSVL,0
MGKRLYAVAYDIPDDTRRVKLANLLKSYGERVQLSVFECYLDERLLEDLRRRARRLLDLGQDALRIYPVAGQVEVLGVGPLPELREVQVL,0
MGYIPLVGAPLGGAARAL,0
MILIYDINTEDNDGKRRLVKIMKTSRKYLSHVQKSVFEGDITEGQISLLKKEIMAIVNMKKDFVIIYSLRDGVKLNREILTDTPDPTDNFL,0
MILVTYDVNTVEPGGRRRLRQVAKACQDYGQRVQNSVFEVEVDPARWVALKARLEAIIDPALDSLRYYDLGANWQRRVDHVGAKPAVDLHGPLIL,0
MIVIVAYDISDEDRRGRLRRYLRRLGLARVNRSVYAGPGTATTAELVAERAKEIVEEGDSVFVIVVREDEYQRAHVFDGRDYYIVSERKYEVY,0
MIWLAVYDIEDDGERAKASAILQAWGFVRVQRSFYVGRMPRGKAADLLKILQRHVKSGHIALIPITDELLAKALELGRPPYAPLKPPKYAQIYVV,0
MKHWRLVSYDIREPKRLRRVAKIMEGFGERIQYSVFRIYSTDKELEKLRWKLAKVTEEEDNIFYLTLCTKCASGAHTQEKKSAWPEAPKTLKIL,0
MKLQIILLISAFILLLSISHTEAFLGFLKNLFGKRALRDLNKYDYMSDPSFSAEDIKALRELFR,0
MKMFTVISYDIVDDQRRTSVMKVLKGYGVRVQYSVFEAILDAREFHDLSNQLRKIIDPGQDSIRCYRLDQVAAQRTVIYGIGLTTTDPTHYMV,0
MKTQNVLLSFGIVFLMISFSSETYIRDFITRRPPFGNIGKRSLKDVESLDFLFDPTFTAADLAVLENALEDY,0
MKTQTALFFFFLFSLMVATQSGVVDTLKNLLMGLLSKRALRNQNFVEYAYDPSLSAADWRALDTLFENY,0
MKTQTLLVTFLVVLLMVATQTEAGIADILKGLLGKRGLLDGLLGKRGLLFGKRGPLFGKRALTNQDFLDFAYDPSLSAADMDALEMLFEDY,0
MKTVSTVAILAIFLLIVITTIETNRILPTLIGPLGRRSKLETFKRIARTLSAGISAKRSLEDVNSLTGMSS,0
MKVLVSFEIKFKTNKEKIISILKHFGFRRMQENLYFGDVEYDELYAMQSDIMENIREYDSILTIPICKSCYLKLNVFGRNLSFKDELYKIF,0
MLVLITYDVQTSSMGGTKRLRKVAKACQNYGQRVQNSVFECIVDSTQLTSLKLELTSLIDEEKDSLRIYRLGNNYKTKVEHIGAKPSIDLEDPLIF,0
MLVLVTYDVNTETPAGRRRLRRIAKTCQNYGQRVQFSVFECNVDPAQWVKLRSKLLNEMDPKLDSLRFYFLGSNWQGRVEHEGAKEPRDLEGTLIL,0
MLYLIIYDVPATKAGNKRRTRLFDLLSGYGKWRQFSVFECFLSVKQFAKLQTAMEKLIKLDEDAVCIYVLDENTVQRTITYGTPQPEKPGSIII,0
MMNWSPTAALVVAQLLRI,0
MNINPYPLFIDVPIQ,0
MNSKYLFVFLILIVTFTDLCQGFLVGILPRMRGFITPFLKKVRGRRELGSQYDYLQDFRKRELDLDDLLSKFPDY,0
MPCFSWWPCRLRRSHFRQELMKLQPRSSLEQMIRKWLMPLHGMKVPLFRFQTQREA,0
MPITNDQKKLMSNNVQI,0
MPKTRRRPRRSQRKRPPTPWP,0
MPRRRRIRRRQK,0
MPYLIVTYDIAEERVNKVRKILKKYFMWVQNSVFEGEITEGKLLKCKLELEKVIDKEVDSVYFYSLENRLNYRKTVLGIEKEITGNIL,0
MPYVVVFYDVSDNKRRDLLAKTLQSLGLVRVQRSVFMGRGGYTKAKEAIRAASRIVDARTDSVVALVVPEDYARRMLVYGGIMSDPKQKQAVRVV,0
MQYKINMYAIVVYDVNVSRQNQIREFLRKYLYHVQRSVFEGEISPSSLYYMKKILQSYIGETDSLIIYVLRDKSCLMDKIVLGEDKDLQIY,0
MRELYLVIAYDTPDDRRRARLAKLLKGFGERRQYSVFEARLTREQWAHLKGKLEALVNKEEDVLAVYFLPPEAVGRTWRIGHEGLKRLEDPDFV,0
MRGGNLKVLVVYDITDDSLRLKVAEILKDLGLFRIQKSAFIGEMTSQERENMEEILRRQNLGPSDRIDVFPICDRDLKMHSQIGRGKFGRGPP,0
MRIVYLLFPFILLLVQGAAGSSLAPRNKEKCHREKGFCGFLKCFPFIISGKCSRFFFCCKKIFG,0
MRLPYLVCYDISDEGRLNRVYRFMKGKGFHIQYSVFYCILTDVELKEMKAEILKLIHSRYDDVRIYPLPNNSLVAVLGVGDRIPDGVEVFY,0
MRSSGDYGEVTGAWIEFGCH,0
MSEALWTAWTQW,0
MSMLVVVTENVPPRLRGRLAIWLLEVRAGVYVGDVSAKIREMIWEQIAGLAEEGNVVMAWATNTETGFEFQTFGLNRRTPVDLDGLRLVSFLPV,0
MSSRLAVFAYDIRDDRVRRHALKTLREWRLDGQLSVHECQVDAIQARRLFEQLGDELDPATDAWLFTWVEGHRAVLARGKGRTTALQDGLLLAA,0
MSTNPKPQRKTKRNTNRRPQDVKFPGGGQIVGGVYL,0
MTGRLISWWWSL,0
MTKWQEVDEMLRSEY,0
MTLTVQARQLLSQIVQQQNNLLRAIEAQ,0
MTVKHLIVCYDVEKTKDRNKVIKVLEYYGLIRVQYSVFMGSLTETRLHQMNARIKREFTKPSIKILVIEVCNACMERALLVHEELPKVNRQFEVI,0
MTWEAWDRAIAEYAARIEALIRAAQEQQEKNEAALREL,0
MVDRGWGNHAGLFGKGSIV,0
MVRLVITYDIRKDKIRNKLFRLLERYGAWKQYSVFELEINPVHKVELFHSIADLIEDTDRVRIYDLCERCQGKITELGEVSPDKMQVVI,0
MVVIVYVIVAYDVNVERVNRVKKFLRRYLNWVQNSLFEGELSSADLEEVKMGLREIINEDEDMVVIYRFRSADAFKREVMGIEKGLGGEEVI,0
MVVTVYLLIVYDVGVERVNRVKSYLRTELHWVQNSVFEGEVTESQFRRIETNLERIIDRERDSVIIYSFRSERAMNRNVLGLEKSPLDVIL,0
MWKTPTLKYFGGFNFSQI,0
MYIIVVYDVSVERVNRVKKFLRQHLHWVQNSVFEGEVTLAEFERIKAGIGELIDGDEDSVVIYKLRSMPKREVMGVEKNPIEDII,0
MYNCSLQNGFTMKVDDLIVH,0
MYVIMVYDVNEKRVAKILKIARKYLKWVQNSVLEGELSPGKYEKLKLEVSRLIDEKEDSVRFYVMDSQKVFNLETLGVEKGEDGFIF,0
MYVIMVYDVNQRRINKVLNTARKYLEWIQNSVLEGEITEAKFEMLKREIEIIINEEEDSVIFYIMRTTKYSERQILGIEKNKREQIL,0
MYVVIVYDVGVERVNKVRSFLREYMNWVQNSVFEGELTKAEFLKIKSRLKELIQESSDHIIFYSSRDRKYLGIEDLGTPKADTSNII,0
MYVVVAYDITEDEVRNKVADALKAYGLERIQRSVFVGRINPALLKDLVERLKRITKGANADITIFKVDRRAIDTAIRIGPPPPARKNVDLY,0
NADIIKSLIRKTIINASKNTASLSILQHLYVLRS,0
NCVKMLCTHTGTGQAITVTP,0
NFYDPLVFPSDEFDASISQVNEKINQSLASIRKSDELLHNVNAGK,0
NGESSADWAKN,0
NGIGVTQNVLYENQKQIANQFNKAISQIQESLTTTSTA,0
NHIQRHVNDMLGRVA,0
NIAGNWSCTSDLPSSWGYMN,0
NILRLKESITATIEAVHEVTDGLS,0
NKSLLTEVETPIRNEWGCRCNDSSD,0
NMTINQTIWNHGNITLGEWY,0
NNETPGIRYQYNVLPQGWKG,0
NNWWYWWDTLVN,0
NPGLLETSEGCRQILGQLQPSLQT,0
NPNAIASVTVGRRVS,0
NQGRHFCGGALIHARFVMTAASSFQ,0
NQKQIANQFNKAISQIQESLTTTSTALGKLQDVVNQNAQALNTLVKQLSSNFGAISSVLNDILSRLDKVEAEVQIDRLIT,0
NQQEKNEQELLELDKWASLWNWFNITNWLWLIKIFI,0
NQTKDLQQKFYEIIMDIEQNNVQGKKGIQQLQKWE,0
NREILKEPVHGVYYDPSKDL,0
NTTHYRVIRLTIG,0
NVQGKTGIQQLQKWEDWVRW,0
NYTEGIAVVFKENIA,0
PANAATRTSRGWHTT,0
PATPAPPPLGAAPTG,0
PDIVIYQYMDDLYVGSDLEI,0
PDYLLVPEEVMEYKPRRKRAAI,0
PEDQGPQREPYNEWT,0
PEGRTWAQPGYPWPLYGN,0
PFDYGLKWQSCSCRANGSRI,0
PFLWMGYELHPDKWTVQPIV,0
PGDPDLSDGSWSTVSSGA,0
PGIWQLDCTHLEGKI,0
PIPKARRPEGRTWAQPGY,0
PKSSWSDHEASSGV,0
PLCVNCWPQVCGDFPWGAVA,0
PLETLMAKAIDAGFIR,0
PLSPPLRNTHPQAMQWNSTTF,0
PPARSSPPMPPNLPPLRRRIILLRFLFH,0
PPATHTIADRNHTPFSDV,0
PPCYERMPRRLIRPPPLLSVLLILRLCH,0
PPDEGYPPMRMQVPPLGGRIILVRVLLHLNKIRIRAREIYES,0
PPDGCNRPQQSRKPPPRCLICLMVGLIHLNKIRIRAREIYES,0
PPDVHTPPHALWRLHLSLRVCLVRMWIH,0
PPESNHPPWKGPYPPPTSNVNPLILLSHLNKIRIRAREIYES,0
PPFLSYLPAETDFPPPEARETPEPFSNPP,0
PPGAPPAPFRTHTPPPRMVIVLIRVWCH,0
PPGAPPQPDSVCELHLLCVLRLLVIRIH,0
PPGKQHTPTSFTHPPPADILLPLSAMIHLNKIRIRAREIYES,0
PPGSLGWPPNTTEPPPYLRLRLIFLFIHLNKIRIRAREIYES,0
PPGTGEEPEQAGLPPPELLVEPDYMWSPP,0
PPLASMSPLPATDPPPLEGAHPELGVPPP,0
PPLAVMRPGIQILPPPGTDVHPK,0
PPLFEDTPMVNSIPPLRVRLFLLRLVFH,0
PPLNNCLLLGTEVSEALGGAGLTGG,0
PPLRYSPPGQRVIPPPADERFLRFLVFHLNKIRIRAREIYES,0
PPLVVPVEESEIIFWDCWAPEE,0
PPLYGRDPTTRRMPHLLLRCCLLRLVVH,0
PPNPTPPPPGASANA,0
PPPLGAAPTGDPKPK,0
PPPLPYGPNRNGEPHLRVLLRLLCIRLH,0
PPPTHQSPNTTDMPPPATLSGPTGINRPP,0
PPRGAHRPNSTVVLHLVIRLCLLRFVVH,0
PPRGTETPQRCRRLHLVEMLCLVRVVFH,0
PPRLLDSPEVMVILHLGFRIGLVRLWIH,0
PPRTTPIPHLDVSLHLLILRILRVRVH,0
PPSAVCNYEVAEDPSYVREH,0
PPSHRTTPASRSLPPLRVFVVLSFSGVHLNKIRIRAREIYES,0
PPTCYVPPHSPATPPPSVRISLLRLVFTLIRSEFELERSMNRRY,0
PPTSPLLPTVNLRPPPIIIVFLLRVWFH,0
PPVCETGPLHPPSPPPLVRISLILVFVHLNKIRIRAREIYES,0
PPWCCCSPMKRASPPPAQSDLPATPKCPP,0
PQMELRRNGRQCGMSEKEEE,0
PRHHWTTQDCNCSIYPGH,0
PRPISYLKGSSGGPL,0
PSGSNIISNLFKED,0
PSQPTYPGDDAPLEDLMAFAIDLSFYLGVV,0
PSSKRFQPFQQFGRDVSDFT,0
PTGERVWDRGNVTLLCDCPN,0
PTSNHSPTSCPPTCPGYRWMCLRRF,0
PTTFMLKYDENGTITDAVDC,0
PVDCTMYSNKMYNCSLQNGF,0
PVLQPALSLSCGPEPLLLSC,0
PVPFEEVIDKINAKG,0
PYKFKATMYYKDVTV,0
QAGLAVRPGKSAAQLVGE,0
QDCNCSIYPGHITGHRMA,0
QEFFGLNNCSSSNRLD,0
QFEQPRRCPTRPEGQ,0
QFMGIFEDRAPVPFE,0
QGHLQEVDAGNFIPPPRW,0
QGRMYQRFLRQHVDPDETGGNDHYLNLSRRNIQCPNRHEGVRFNTDIHEDLTNRRPIDEHEGVVRVTDKTEEG,0
QHSRIGITQQRRARN,0
QIPLINYTFGPNQTCMWNTS,0
QIQDPEIPKCGWWNQMAYYN,0
QIVGGVYLLPRRGPRLGV,0
QLESLTDRELLLLIARKTCGSVE,0
QLGENNELRLTRDAI,0
QLQKWEDWVRWIGNIPQYLKG,0
QNQSANQFQKEISQINEVLTTTNTSLGKLQDDVNQNNQSLNTLQKE,0
QPELAPEDPEDSALLEDPVGTVAPQ,0
QPGYPWPLYGNEGCGWAG,0
QPRGRRQPIPKARRPEGR,0
QPSVQIQVYQGEREIAAHNK,0
QQRRARNGASRS,0
QRQIRSISGWILSTYLGRPAEPVPLQ,0
QVDGFYARDLTTKAR,0
QVYKGGYTRPIPRPPPFVRPLPGGPIGPYNGCPVSSCRGISFSQARSCCSRLGRCCHVGKGYS,0
QWTYQIYQEPFKNLKTGKYA,0
QYGSFCTQLNRALSGIAAEQ,0
RADITTVSTFIDLNI,0
RARRSLLIASALCTSDVAAATNADLRTALARADHQKTLFWL,0
RAVWRHSVATPSHSV,0
RCGTGPRLTKDLEAVPFVNR,0
REHLREQSRKPPNPT,0
RFPFHRCGAGPKLTKDLE,0
RFRIRCRWNVGSDTSLIDTC,0
RGGSVVIVGRIILSGRK,0
RGILIHNTIFGEQVF,0
RGILRNWYNPFAGLRQSLEQ,0
RHEIKDSGLLDYTEV,0
RHHYESPHPRISSEV,0
RHIDLLVGSATLCSALYV,0
RIILGQCIKREAEAAIEQIFRTKYNDSH,0
RKAILGHIVSPRCEY,0
RKTSERSQPRGRRQPIPK,0
RLASWSVKQANLTTSLLGDLLDDVT,0
RLNNRARIILRA,0
RLTGLLATSGFAFVNAAHANGAVCLSDLLGFLAHSRALAG,0
RMIYKNILFYLVPGPGHGAEPERRNIKYL,0
RMKQIEDKIEEIESKQKKIENEIARIKKLISGIVQQQNNLLRAIEAQQHLLQLTVWGIKQLQARIL,0
RMRGAHTNDVKQLTEAVQKI,0
RNKSNLHTEARFRIRCRWNV,0
RNPVCPGYAWLSSGRPDGFI,0
RPEGQNYTEGIAVVF,0
RPETVETTVTTAQETKRGRI,0
RPRGRRGSRPSGAERRRRRAAAA,0
RQHLLRWGLTTPDKKHQKEP,0
RQIKINFQNRRMKNKKGELDELVYLLDGPGYDPIHS,0
RQMRAWGQDYQHGGMGYSC,0
RRCPTRPEGQNYTEG,0
RRGRIGRNPSQVGD,0
RRGRVGRNPNQVGD,0
RRHGDEDMFYMHVRG,0
RRKKAAVAALPAVLLALLAP,0
RRKKLAALPLVLAAPLAVLA,0
RRKKVLLALLAP,0
RRKKWLVFFVIFYFFR,0
RRLQVGGGTLKFFLT,0
RRRRRRRRHPAEPGSTVTTQNTASQTMS,0
RRRSRNLGKVIDTLTCGF,0
RRWCYRKCYKGYCYRKCR,0
RSQKEGLHYTCSSHFPYSQYQFWK,0
RVAAAAITWVPKPNVEVWPVDPPPPVNFNKTAEQEYGDKEVKLPHW,0
RVDLGDCIGKDARDA,0
RWMVWRHWFHRLRLPYNPGKNKQNQQWP,0
RYSTQVDPDLADQLI,0
SAIACGESCVYIPCFIPGCSCRNRVCYLN,0
SALYALYDFSPPARKMRAYTVRAYVHGSYSRRGPWYDFEPVPGASMDGL,0
SAYQVRNSSGLYHVTNDC,0
SCLTVPASAYQVRNSSGL,0
SCVSQSTGQIQCKVFDSLLNLSSTLQAT,0
SDDPKESEGDLHCVC,0
SDFRRQNRRGGTNKRTT,0
SDRDTVVELSEWGVPCAT,0
SDWSLWECCSTGSLFACC,0
SFAIKWEYVLLLFLL,0
SFYSVLFLWGTCGGFSHSWY,0
SGCANNTCYNVSVIVPDYQC,0
SGIDQEQNNLTRLIEAQIHELQLTQWKIKQLLARILK,0
SGIVQQLNNQLRAEEANQHLEQLSVWGSKQNQARRLK,0
SGIVQQQNNLLRAIEAQQHLLQLTVWGIKQCCGRISGIVQQQNNLLRA,0
SGSWLRDIWDWICEVLSDFK,0
SHQLSRADITTVSTF,0
SISNALNKLEESNRNLDKVNVKLT,0
SIVYEAADAILHTPGCVP,0
SKHSSLDCVLRP,0
SKIDVWSLVPVGSASCTIAA,0
SLGQHIYETYGDTWA,0
SLHWPVSHPPPP,0
SMRISSRPGACYSRP,0
SNFASITTPRPH,0
SNNTIAIPTNFSISITTEVM,0
SNQGGSPLPRSV,0
SPAIFQSSMTKILEPFRKQN,0
SPLGFGSYTMTKIRDSLHLV,0
SPTGPPGSIRTWFQRIPLGWFHCTYQKGKQHCRLRIRQKVEE,0
SPYPMALFPLHN,0
SPYPSWSTPAGR,0
SQGVVESMNKELKKIIGQVRDQAEHLKTAY,0
SQVWFGHRYSQFMGI,0
SSCNMGWDTPACCVWFPYWV,0
SSFDPVKFPEDQFNVALDQVFESIENSQALVDQSNRILSSAEK,0
SSFSPAAPLPPGTKHPCLPLSCPPCPDEECPTCEILPPCELCPEIHIGCDCPFHHSCLCDQPACPPCDFPFGSLINKGGYRG,0
SSGLYHVTNDCPNSSIVY,0
SSTSTVTPAHST,0
SSVITSLGAIVSCYGKT,0
STLPETTVVRRRGRSPRRRT,0
STQRRGRTGRGRRGIYR,0
STRTPEDSNSLGT,0
SVQARWEAAFDLDLY,0
SVSVGMKPSPRP,0
SVVPSKATWGFA,0
SWETWEREIENYTKQIYKILEESQEQQDRNEKDLLE,0
SWFASTGGRDSKIDVWSLVP,0
SWGPTDPRRRSRNLGKVI,0
SWLDRIWRWICKVLSRFE,0
SWLWEVWDWVLHVLSDFK,0
SWSTLTANQNPSPPWSKLTY,0
TAAGDARANAVAKAGLHDLNIETDTERNH,0
TAFHRDDHETDMELK,0
TARLQLEARLQHLVAEILEREQSLALHALGYQLAFV,0
TATQCRIRGGFCRVGSCRFPHIAIGKCATFISCCGRAYEVDALNSVRTSPWLLAPGNNPH,0
TCGFADLMGYIPLVGAPL,0
TCILDRRPASCGTCVRDCWP,0
TDAILMCFSIDSPDSLENI,0
TDAVDCSQNPLAELKCSVKSF,0
TDIQTKELQKQITKIQNFRV,0
TEEAELELAENREILKEPVH,0
TFLVHREWFMDLNLPWSSAGSTVWR,0
TFWWHPNYYVDW,0
TGAWIEFGCHRNKSNLHTEA,0
TGDFVYMSPFYGYRE,0
TGTFGFFPGVPPINNCMPLG,0
THLEGKVILVAVHVASGYIE,0
TIRLESEVTAIKNALKKTNEAVSTLGNGVRVLATAVRELKDFV,0
TKALTEVIPLTEEAELELAE,0
TKFPSVYAWERKKISNCVAD,0
TKGPGRVIYATGQ,0
TKIRDSLHLVKCPTPAIEPP,0
TKKNSFKRKSIMLPKSLLSVVKSATLETKPESKYS,0
TLKNRYYEPRDSYFQQYMLKGEYQYWFDLD,0
TLVDCIRNCIHKILGYTVIA,0
TLWPWAWRHNWQ,0
TMLEDHEFVPLEVYT,0
TMTPPPTSVRGT,0
TPLPTIRGDTGT,0
TRDAIEPCTVGHRRY,0
TRHRHVPRFLPLRHV,0
TRNLLTTPKFTVAWD,0
TRQARRNRRRRWRERQRAAAACYGRKKRRQRRR,0
TRQCRRGRIWKRWNETITGP,0
TSSMRGVYYPDEIFRSDTLYL,0
TSVITIELSNIKKIKCN,0
TTESIVIWGKTPKFKLPIQK,0
TTKARATAPTTRNLL,0
TTNLTEYPLSRVDLG,0
TTPFTIRGPLGNQGRGNPVR,0
TVSSGADTEDVVC,0
TWAGVEAIIRILQQL,0
TWFNPFGYYSWA,0
TWFWPYPYPHLP,0
TWLATRGLLRSPGRYVYFSPSASTWPVGIWTTGELVLGCDAAL,0
TWLRAIWDWVCTALTDFK,0
TWWTGTYPWYPR,0
TYICEVEDQKEE,0
VAADNVIVQNSMRIS,0
VATRDGKLPTTQLRRHID,0
VCRSTAKYVRNNLET,0
VCYFMVFLQYGRKKRRQRR,0
VDARSVYPYDEFVLA,0
VDGIPVAWDADARAPA,0
VEDTLYGDHECGSLLQDAALYLVDGMTNTI,0
VEELMKLLEELLKKLEELFKKLEEWFKKWFELSKKFT,0
VEWNEMTWMEWEREIENYTKLIYKILEESQEQ,0
VFASLPGIIFTRSQKEGL,0
VGLLLYCKARSTPVTLS,0
VGNWAKVLVVLLLFAGVD,0
VGQPQYYQANGGFLI,0
VGSASCTIAALGSSDRDTVV,0
VIVQNSMRISSRPGA,0
VKQCRWCGFDFDGPDGLPHYPIGKCILANE,0
VLDLIYSLHKQINRGLKKIVL,0
VPAHKGIGGNEQVDKLVSAG,0
VPTHLATDVELKEIQGMMDASEGTNYTCCK,0
VRDNMAKLRERLKQRQQLFDSQQGWFEGWFNRSPWFT,0
VRLGSISVIGIVRGKK,0
VRQLCKLLRGTKALTEVIPL,0
VRRCSELMGRRNPVCPGYAW,0
VRVLEDGVNYATGNLPGC,0
VSPRCEYQAGHNKVG,0
VSRRYLASLHKKALPTSVTFELLFDGTNPS,0
VSVTCVWGSVSWFASTGGRD,0
VTDSQYALGIIQAQPDQSES,0
VTVLDVGDAYFSVPLDEDFR,0
VVTTRLFMSLVASVRNAFQSGYISFDEIIKTE,0
VWGIKQLQARILAVERYLKDQQLLGIWG,0
VYINKLTPPCGTMYYACEAV,0
VYPYDEFVLATGDFV,0
VYTDKVDISSQISSMNQSLQQSKDYIKEAQKILDTV,0
WASRELERFAVNPGLLETSEGCRQIL,0
WCNWHNIDPWIQLMNRTQADLAEGPPVKEC,0
WDRGNVTLLCDCPNGPWVWVPAFCQAVG,0
WEEWDKKIEEYTKKIEELIKKSEEQQKKNEEELKK,0
WEIHHINKFAQAYSSYSRVIGGTVFVA,0
WHSQRLSPVPPA,0
WIHAEIKNSLKIDNLDVNRCIEALD,0
WKFALKVDSPDV,0
WKKIRRFVSQVIM,0
WMEWDREIEALAKAAEALAKAAEALAKAAWASLWNWF,0
WMEWDREIEEAAKKLEEAAKKLEEAAKKLWASLWNWF,0
WMEWDREINNYTSLIHSLIEESQNQQEKNEQELLELDKWASLWNWFRS,0
WQCLTLTHRGFVLLTITVLR,0
WQEWEQKITALLEQAQIQQEKNEYELQKLDKWASLWEWF,0
WQVMIVWQVDRMRIR,0
WRGALKLLFYAT,0
WVEYMYSWIPTA,0
WVNQLAVLGLPAVDAAVA,0
WYQLEKEPIVGAETFYVDGA,0
YADHTGLVRDNMAKL,0
YEDQGPLVEGQLGEN,0
YKPRRKRAAIHVMLALATVLSI,0
YLRGVNRSLHGIWPGKICKGVPTHLATDVE,0
YMSPFYGYREGSHTE,0
YNVLPQGWKGSPAIFQSSMT,0
YNYKYRYLRHGKLRPFERDI,0
YPAPIKVLLPNS,0
YQALIRMIYKNI,0
YQFHLVLHEALRAQALSRQLILGRELAQELVAELAT,0
YQLLIRMAYKNI,0
YQVVKQPDYLLVPEEVMEYK,0
YVTQQLIRAAEIRASANLAATKMSECVLGQSKRVDFCGKG,0
